0,0,0,0,0,0,0,0,0,0,0,0,0.000000,0.000000,0.000000,0.000000,0.000000,0.000000,0.000000,0.000000,0.000000,0.000000,0.000000,0.000000,0.000000,0.000000,
4f7db003,afa7015,0,2,1,75,4296a000,4,17675,1115,ef,0,-0.006000,-0.006000,-0.006000,-0.006000,1.808063,2.797688,0.611437,0.570000,104.108002,28.625969,40.000000,78.349998,79.362503,81.612503,
4f7db003,afa7015,0,3,1,75,4296d99a,4,17676,1115,ef,0,-0.006000,-0.006000,-0.003000,-0.006000,1.797562,2.794125,0.611813,0.571688,104.108002,28.625120,40.000000,78.349998,79.362503,81.612503,
4f7db003,afa7015,0,3,1,75,4296d99a,4,17676,1115,ef,0,-0.006000,-0.006000,-0.003000,-0.006000,1.797562,2.794125,0.611813,0.571688,104.108002,28.625120,40.000000,78.349998,79.362503,81.612503,
4f7db003,afa7015,0,3,1,75,4296d99a,4,17677,1115,ef,0,-0.006000,-0.006000,-0.006000,-0.006000,1.797188,2.795625,0.612188,0.573750,104.125999,28.625128,40.000000,78.237503,79.362503,81.612503,
4f7db003,afa7015,0,3,1,75,4296d99a,4,17678,1115,ef,0,-0.009000,-0.006000,-0.006000,-0.006000,1.808063,2.800500,0.610313,0.571312,104.125999,28.625986,40.000000,78.237503,79.362503,81.612503,
4f7db003,afa7015,0,3,1,75,4296d99a,4,17678,1115,ef,0,-0.009000,-0.006000,-0.006000,-0.006000,1.808063,2.800500,0.610313,0.571312,104.125999,28.625986,40.000000,78.237503,79.362503,81.612503,
4f7db003,afa7015,0,3,1,75,4296d99a,4,17679,1115,ef,0,-0.006000,-0.006000,-0.003000,-0.006000,1.808437,2.800313,0.610125,0.572438,104.144005,28.625990,40.000000,78.237503,79.362503,81.612503,
4f7db003,afa7015,0,3,1,75,4296d99a,4,17679,1115,ef,0,-0.006000,-0.006000,-0.003000,-0.006000,1.808437,2.800313,0.610125,0.572438,104.144005,28.625990,40.000000,78.237503,79.362503,81.612503,
4f7db003,afa7015,0,2,1,75,4296a000,4,17680,1115,ef,0,0.000000,-0.006000,-0.006000,-0.006000,1.803938,2.793937,0.607125,0.569250,104.125999,28.624277,40.000000,78.237503,79.362503,81.612503,
4f7db003,afa7015,0,3,1,75,4296a000,4,17681,1115,ef,0,0.000000,-0.006000,-0.006000,-0.006000,1.795313,2.793562,0.613312,0.572812,104.144005,28.625141,40.000000,78.125000,79.362503,81.612503,
4f7db003,afa7015,0,3,1,75,4296a000,4,17681,1115,ef,0,0.000000,-0.006000,-0.006000,-0.006000,1.795313,2.793562,0.613312,0.572812,104.144005,28.625141,40.000000,78.125000,79.362503,81.612503,
4f7db003,afa7015,0,3,1,75,4296a000,4,17682,1115,ef,0,-0.009000,-0.006000,-0.006000,-0.006000,1.797000,2.797125,0.613125,0.574687,104.144005,28.624287,40.000000,78.125000,79.362503,81.612503,
4f7db003,afa7015,0,3,1,75,4296a000,4,17682,1115,ef,0,-0.009000,-0.006000,-0.006000,-0.006000,1.797000,2.797125,0.613125,0.574687,104.144005,28.624287,40.000000,78.125000,79.362503,81.612503,
4f7db003,afa7015,0,3,1,75,4296a000,4,17683,1115,ef,0,-0.006000,-0.006000,-0.006000,-0.006000,1.796438,2.795250,0.613125,0.573750,104.144005,28.625994,40.000000,78.125000,79.362503,81.612503,
4f7db003,afa7015,0,2,1,75,4296a000,4,17684,1115,ef,0,-0.009000,-0.006000,-0.006000,-0.006000,1.807688,2.802750,0.610500,0.571688,104.162003,28.623444,40.000000,78.125000,79.362503,81.612503,
4f7db003,afa7015,0,2,1,75,4296a000,4,17684,1115,ef,0,-0.009000,-0.006000,-0.006000,-0.006000,1.807688,2.802750,0.610500,0.571688,104.162003,28.623444,40.000000,78.125000,79.362503,81.612503,
4f7db003,afa7015,0,3,1,75,4296a000,4,17685,1115,ef,0,-0.009000,-0.006000,-0.006000,-0.006000,1.807312,2.798250,0.610875,0.569625,104.162003,28.623444,40.000000,78.125000,79.362503,81.612503,
4f7db003,afa7015,0,3,1,75,4296a000,4,17685,1115,ef,0,-0.009000,-0.006000,-0.006000,-0.006000,1.807312,2.798250,0.610875,0.569625,104.162003,28.623444,40.000000,78.125000,79.362503,81.612503,
4f7db003,afa7015,0,3,1,75,4296a000,4,17686,1115,ef,0,-0.009000,-0.006000,-0.009000,-0.006000,1.805250,2.795625,0.611813,0.569250,104.180000,28.624302,40.000000,78.125000,79.362503,81.612503,
4f7db003,afa7015,0,3,1,75,4296a000,4,17687,1115,ef,0,-0.006000,-0.006000,-0.006000,-0.006000,1.805250,2.796000,0.611813,0.569438,104.180000,28.623455,40.000000,78.125000,79.362503,81.724998,
4f7db003,afa7015,0,3,1,75,4296a000,4,17687,1115,ef,0,-0.006000,-0.006000,-0.006000,-0.006000,1.805250,2.796000,0.611813,0.569438,104.180000,28.623455,40.000000,78.125000,79.362503,81.724998,
4f7db003,afa7015,0,3,1,75,4296a000,4,17688,1115,ef,0,-0.009000,-0.006000,-0.006000,-0.006000,1.796062,2.795813,0.612938,0.573000,104.180000,28.624308,40.000000,78.125000,79.362503,81.724998,
4f7db003,afa7015,0,3,1,75,4296a000,4,17688,1115,ef,0,-0.009000,-0.006000,-0.006000,-0.006000,1.796062,2.795813,0.612938,0.573000,104.180000,28.624308,40.000000,78.125000,79.362503,81.724998,
4f7db003,afa7015,0,3,1,75,4296a000,4,17689,1115,ef,0,-0.009000,-0.006000,-0.003000,-0.006000,1.800000,2.800313,0.610687,0.574687,104.197998,28.624319,40.000000,78.237503,79.362503,81.724998,
4f7db003,afa7015,0,2,1,75,4296a000,4,17690,1115,ef,0,-0.006000,-0.006000,-0.006000,-0.006000,1.802812,2.801063,0.611250,0.573750,104.215996,28.623470,40.000000,78.237503,79.362503,81.724998,
4f7db003,afa7015,0,2,1,75,4296a000,4,17690,1115,ef,0,-0.006000,-0.006000,-0.006000,-0.006000,1.802812,2.801063,0.611250,0.573750,104.215996,28.623470,40.000000,78.237503,79.362503,81.724998,
4f7db003,afa7015,0,2,1,75,4296a000,4,17691,1115,ef,0,-0.006000,-0.006000,-0.006000,-0.006000,1.803187,2.802375,0.610687,0.573375,104.215996,28.622618,40.000000,78.237503,79.362503,81.724998,
4f7db003,afa7015,0,2,1,75,4296a000,4,17691,1115,ef,0,-0.006000,-0.006000,-0.006000,-0.006000,1.803187,2.802375,0.610687,0.573375,104.215996,28.622618,40.000000,78.237503,79.362503,81.724998,
4f7db003,afa7015,0,2,1,75,42966666,4,17692,1115,ef,0,0.000000,-0.006000,-0.006000,-0.006000,1.806563,2.798625,0.611437,0.570375,104.215996,28.623470,40.000000,78.237503,79.362503,81.724998,
4f7db003,afa7015,0,3,1,75,42966666,4,17693,1115,ef,0,-0.009000,-0.006000,-0.003000,-0.006000,1.805063,2.795625,0.611813,0.570188,104.234001,28.623480,40.000000,78.125000,79.362503,81.724998,
4f7db003,afa7015,0,3,1,75,42966666,4,17693,1115,ef,0,-0.009000,-0.006000,-0.003000,-0.006000,1.805063,2.795625,0.611813,0.570188,104.234001,28.623480,40.000000,78.125000,79.362503,81.724998,
4f7db003,afa7015,0,3,1,75,42966666,4,17694,1115,ef,0,-0.009000,-0.006000,-0.006000,-0.006000,1.799438,2.795250,0.612750,0.571312,104.234001,28.623480,40.000000,78.125000,79.362503,81.724998,
4f7db003,afa7015,0,3,1,75,42966666,4,17694,1115,ef,0,-0.009000,-0.006000,-0.006000,-0.006000,1.799438,2.795250,0.612750,0.571312,104.234001,28.623480,40.000000,78.125000,79.362503,81.724998,
4f7db003,afa7015,0,3,1,75,42966666,4,17695,1115,ef,0,-0.009000,-0.006000,-0.006000,-0.006000,1.802812,2.795813,0.611625,0.570000,104.234001,28.622631,40.000000,78.125000,79.362503,81.612503,
4f7db003,afa7015,0,2,1,75,42966666,4,17696,1115,ef,0,-0.006000,-0.006000,-0.006000,-0.006000,1.795313,2.793750,0.613125,0.573188,104.251999,28.624342,40.000000,78.125000,79.362503,81.612503,
4f7db003,afa7015,0,2,1,75,42966666,4,17696,1115,ef,0,-0.006000,-0.006000,-0.006000,-0.006000,1.795313,2.793750,0.613125,0.573188,104.251999,28.624342,40.000000,78.125000,79.362503,81.612503,
4f7db003,afa7015,0,2,1,75,42966666,4,17697,1115,ef,0,-0.006000,-0.006000,-0.006000,-0.006000,1.797562,2.799562,0.612750,0.573375,104.251999,28.621784,40.000000,78.012497,79.362503,81.612503,
4f7db003,afa7015,0,2,1,75,42966666,4,17697,1115,ef,0,-0.006000,-0.006000,-0.006000,-0.006000,1.797562,2.799562,0.612750,0.573375,104.251999,28.621784,40.000000,78.012497,79.362503,81.612503,
4f7db003,afa7015,0,2,1,75,42966666,4,17698,1115,ef,0,-0.009000,-0.006000,-0.006000,-0.006000,1.799062,2.801812,0.610500,0.574125,104.251999,28.620935,40.000000,78.012497,79.250000,81.612503,
4f7db003,afa7015,0,2,1,75,42966666,4,17699,1115,ef,0,-0.006000,-0.006000,-0.006000,-0.006000,1.797750,2.799750,0.612750,0.573563,104.270004,28.620089,40.000000,78.012497,79.250000,81.724998,
4f7db003,afa7015,0,2,1,75,42966666,4,17699,1115,ef,0,-0.006000,-0.006000,-0.006000,-0.006000,1.797750,2.799750,0.612750,0.573563,104.270004,28.620089,40.000000,78.012497,79.250000,81.724998,
4f7db003,afa7015,0,2,1,75,42966666,4,17700,1115,ef,0,-0.009000,-0.006000,-0.006000,-0.006000,1.798500,2.801625,0.611625,0.574125,104.270004,28.623501,40.000000,78.012497,79.250000,81.724998,
4f7db003,afa7015,0,2,1,75,42966666,4,17700,1115,ef,0,-0.009000,-0.006000,-0.006000,-0.006000,1.798500,2.801625,0.611625,0.574125,104.270004,28.623501,40.000000,78.012497,79.250000,81.724998,
4f7db003,afa7015,0,2,1,75,42966666,4,17701,1115,ef,0,-0.009000,-0.006000,-0.006000,-0.006000,1.808812,2.802562,0.611625,0.571125,104.288002,28.622658,40.000000,78.012497,79.250000,81.724998,
4f7db003,afa7015,0,2,1,75,42966666,4,17702,1115,ef,0,-0.009000,-0.006000,-0.003000,-0.006000,1.808250,2.802187,0.610687,0.570750,104.288002,28.621809,40.000000,78.012497,79.250000,81.724998,
4f7db003,afa7015,0,2,1,75,42966666,4,17702,1115,ef,0,-0.009000,-0.006000,-0.003000,-0.006000,1.808250,2.802187,0.610687,0.570750,104.288002,28.621809,40.000000,78.012497,79.250000,81.724998,
4f7db003,afa7015,0,2,1,75,42966666,4,17703,1115,ef,0,-0.009000,-0.006000,-0.006000,-0.006000,1.808812,2.803313,0.610875,0.570000,104.305992,28.619253,40.000000,78.012497,79.250000,81.724998,
4f7db003,afa7015,0,2,1,75,42966666,4,17703,1115,ef,0,-0.009000,-0.006000,-0.006000,-0.006000,1.808812,2.803313,0.610875,0.570000,104.305992,28.619253,40.000000,78.012497,79.250000,81.724998,
4f7db003,afa7015,0,2,1,75,42966666,4,17704,1115,ef,0,-0.006000,-0.006000,-0.003000,-0.006000,1.803563,2.798250,0.612188,0.569063,104.288002,28.620956,40.000000,78.012497,79.250000,81.724998,
4f7db003,afa7015,0,2,1,75,42966666,4,17705,1115,ef,0,-0.006000,-0.006000,-0.006000,-0.006000,1.795688,2.795625,0.612375,0.573188,104.305992,28.621819,40.000000,77.899994,79.250000,81.724998,
4f7db003,afa7015,0,2,1,75,42966666,4,17705,1115,ef,0,-0.006000,-0.006000,-0.006000,-0.006000,1.795688,2.795625,0.612375,0.573188,104.305992,28.621819,40.000000,77.899994,79.250000,81.724998,
4f7db003,afa7015,0,3,1,75,42966666,4,17706,1115,ef,0,-0.009000,-0.006000,-0.006000,-0.006000,1.796062,2.797688,0.613312,0.573375,104.305992,28.620960,40.000000,77.899994,79.250000,81.724998,
4f7db003,afa7015,0,3,1,75,42966666,4,17706,1115,ef,0,-0.009000,-0.006000,-0.006000,-0.006000,1.796062,2.797688,0.613312,0.573375,104.305992,28.620960,40.000000,77.899994,79.250000,81.724998,
4f7db003,afa7015,0,3,1,75,42966666,4,17707,1115,ef,0,-0.006000,-0.006000,-0.006000,-0.006000,1.795500,2.797312,0.612562,0.573937,104.323997,28.622677,40.000000,77.899994,79.250000,81.612503,
4f7db003,afa7015,0,3,1,75,42966666,4,17708,1115,ef,0,-0.009000,-0.006000,-0.003000,-0.006000,1.801875,2.803500,0.612000,0.573750,104.323997,28.620115,40.000000,77.899994,79.250000,81.612503,
4f7db003,afa7015,0,3,1,75,42966666,4,17708,1115,ef,0,-0.009000,-0.006000,-0.003000,-0.006000,1.801875,2.803500,0.612000,0.573750,104.323997,28.620115,40.000000,77.899994,79.250000,81.612503,
4f7db003,afa7015,0,2,1,75,42966666,4,17709,1115,ef,0,-0.006000,-0.006000,-0.006000,-0.009000,1.808250,2.804250,0.612188,0.570750,104.341995,28.619276,40.000000,77.787498,79.250000,81.612503,
4f7db003,afa7015,0,2,1,75,42966666,4,17709,1115,ef,0,-0.006000,-0.006000,-0.006000,-0.009000,1.808250,2.804250,0.612188,0.570750,104.341995,28.619276,40.000000,77.787498,79.250000,81.612503,
4f7db003,afa7015,0,2,1,75,42966666,4,17710,1115,ef,0,-0.006000,-0.006000,-0.006000,-0.006000,1.806563,2.799937,0.611063,0.569250,104.341995,28.619282,40.000000,77.787498,79.250000,81.612503,
4f7db003,afa7015,0,2,1,75,42966666,4,17711,1115,ef,0,-0.006000,-0.006000,-0.003000,-0.006000,1.806188,2.798813,0.611250,0.569438,104.360001,28.619286,40.000000,77.787498,79.250000,81.612503,
4f7db003,afa7015,0,2,1,75,42966666,4,17711,1115,ef,0,-0.006000,-0.006000,-0.003000,-0.006000,1.806188,2.798813,0.611250,0.569438,104.360001,28.619286,40.000000,77.787498,79.250000,81.612503,
4f7db003,afa7015,0,2,1,75,42966666,4,17712,1115,ef,0,0.000000,-0.006000,-0.006000,-0.006000,1.796438,2.798625,0.612938,0.573563,104.360001,28.618437,40.000000,77.787498,79.250000,81.612503,
4f7db003,afa7015,0,2,1,75,42966666,4,17712,1115,ef,0,0.000000,-0.006000,-0.006000,-0.006000,1.796438,2.798625,0.612938,0.573563,104.360001,28.618437,40.000000,77.787498,79.250000,81.612503,
4f7db003,afa7015,0,3,1,75,42966666,4,17713,1115,ef,0,-0.006000,-0.006000,-0.006000,-0.006000,1.803375,2.803500,0.610500,0.571875,104.377998,28.618446,40.000000,77.675003,79.250000,81.612503,
4f7db003,afa7015,0,3,1,75,42966666,4,17714,1115,ef,0,0.000000,-0.006000,-0.006000,-0.006000,1.806937,2.803688,0.610313,0.572250,104.396004,28.619305,40.000000,77.675003,79.250000,81.612503,
4f7db003,afa7015,0,3,1,75,42966666,4,17714,1115,ef,0,0.000000,-0.006000,-0.006000,-0.006000,1.806937,2.803688,0.610313,0.572250,104.396004,28.619305,40.000000,77.675003,79.250000,81.612503,
4f7db003,afa7015,0,2,1,75,42966666,4,17715,1115,ef,0,0.000000,-0.006000,-0.006000,-0.006000,1.805063,2.803688,0.610687,0.572625,104.377998,28.620153,40.000000,77.675003,79.250000,81.500000,
4f7db003,afa7015,0,2,1,75,42966666,4,17715,1115,ef,0,0.000000,-0.006000,-0.006000,-0.006000,1.805063,2.803688,0.610687,0.572625,104.377998,28.620153,40.000000,77.675003,79.250000,81.500000,
4f7db003,afa7015,0,2,1,75,4296a000,4,17716,1115,ef,0,-0.009000,-0.006000,-0.006000,-0.006000,1.805812,2.799000,0.611063,0.569438,104.396004,28.618450,40.000000,77.675003,79.250000,81.500000,
4f7db003,afa7015,0,3,1,75,4296a000,4,17717,1115,ef,0,-0.009000,-0.006000,-0.006000,-0.006000,1.795688,2.796000,0.613125,0.572438,104.396004,28.620157,40.000000,77.675003,79.250000,81.500000,
4f7db003,afa7015,0,3,1,75,4296a000,4,17717,1115,ef,0,-0.009000,-0.006000,-0.006000,-0.006000,1.795688,2.796000,0.613125,0.572438,104.396004,28.620157,40.000000,77.675003,79.250000,81.500000,
4f7db003,afa7015,0,3,1,75,4296a000,4,17718,1115,ef,0,-0.006000,-0.006000,-0.006000,-0.006000,1.795875,2.797875,0.613875,0.573563,104.414001,28.619316,40.000000,77.675003,79.250000,81.500000,
4f7db003,afa7015,0,3,1,75,4296a000,4,17718,1115,ef,0,-0.006000,-0.006000,-0.006000,-0.006000,1.795875,2.797875,0.613875,0.573563,104.414001,28.619316,40.000000,77.675003,79.250000,81.500000,
4f7db003,afa7015,0,2,1,75,4296a000,4,17719,1115,ef,0,-0.003000,-0.006000,-0.006000,-0.006000,1.796062,2.799750,0.611625,0.573563,104.414001,28.618462,40.000000,77.675003,79.250000,81.612503,
4f7db003,afa7015,0,2,1,75,42966666,4,17720,1115,ef,0,-0.006000,-0.006000,-0.006000,-0.006000,1.805250,2.803125,0.610875,0.572250,104.414001,28.617611,40.000000,77.675003,79.250000,81.612503,
4f7db003,afa7015,0,2,1,75,42966666,4,17720,1115,ef,0,-0.006000,-0.006000,-0.006000,-0.006000,1.805250,2.803125,0.610875,0.572250,104.414001,28.617611,40.000000,77.675003,79.250000,81.612503,
4f7db003,afa7015,0,2,1,75,42966666,4,17721,1115,ef,0,0.000000,-0.006000,-0.006000,-0.006000,1.807875,2.802562,0.610500,0.569625,104.431999,28.618473,40.000000,77.675003,79.250000,81.612503,
4f7db003,afa7015,0,2,1,75,42966666,4,17721,1115,ef,0,0.000000,-0.006000,-0.006000,-0.006000,1.807875,2.802562,0.610500,0.569625,104.431999,28.618473,40.000000,77.675003,79.250000,81.612503,
4f7db003,afa7015,0,2,1,75,42966666,4,17722,1115,ef,0,0.000000,-0.006000,-0.006000,-0.006000,1.805063,2.798625,0.612562,0.569625,104.431999,28.618479,40.000000,77.675003,79.250000,81.612503,
4f7db003,afa7015,0,2,1,75,42966666,4,17723,1115,ef,0,0.000000,-0.006000,-0.006000,-0.006000,1.803938,2.797688,0.613125,0.568687,104.431999,28.618479,40.000000,77.675003,79.250000,81.500000,
4f7db003,afa7015,0,2,1,75,42966666,4,17723,1115,ef,0,0.000000,-0.006000,-0.006000,-0.006000,1.803938,2.797688,0.613125,0.568687,104.431999,28.618479,40.000000,77.675003,79.250000,81.500000,
4f7db003,afa7015,0,3,1,75,42966666,4,17724,1115,ef,0,-0.006000,-0.006000,-0.006000,-0.006000,1.797750,2.800688,0.612375,0.574875,104.449997,28.618486,40.000000,77.675003,79.250000,81.500000,
4f7db003,afa7015,0,3,1,75,42966666,4,17724,1115,ef,0,-0.006000,-0.006000,-0.006000,-0.006000,1.797750,2.800688,0.612375,0.574875,104.449997,28.618486,40.000000,77.675003,79.250000,81.500000,
4f7db003,afa7015,0,2,1,75,42966666,4,17725,1115,ef,0,-0.003000,-0.006000,-0.006000,-0.006000,1.807125,2.804812,0.611250,0.572250,104.449997,28.616779,40.000000,77.562500,79.250000,81.500000,
4f7db003,afa7015,0,2,1,75,42966666,4,17726,1115,ef,0,0.000000,-0.006000,-0.006000,-0.006000,1.807875,2.802187,0.611437,0.569812,104.486000,28.618496,40.000000,77.562500,79.137497,81.500000,
4f7db003,afa7015,0,2,1,75,42966666,4,17726,1115,ef,0,0.000000,-0.006000,-0.006000,-0.006000,1.807875,2.802187,0.611437,0.569812,104.486000,28.618496,40.000000,77.562500,79.137497,81.500000,
4f7db003,afa7015,0,3,1,75,42966666,4,17727,1115,ef,0,-0.006000,-0.006000,-0.003000,-0.006000,1.807875,2.801438,0.611437,0.569250,104.486000,28.616789,40.000000,77.562500,79.137497,81.612503,
4f7db003,afa7015,0,3,1,75,42966666,4,17727,1115,ef,0,-0.006000,-0.006000,-0.003000,-0.006000,1.807875,2.801438,0.611437,0.569250,104.486000,28.616789,40.000000,77.562500,79.137497,81.612503,
4f7db003,afa7015,0,3,1,75,42966666,4,17728,1115,ef,0,-0.009000,-0.006000,-0.006000,-0.006000,1.797750,2.797312,0.613500,0.570562,104.486000,28.617647,40.000000,77.562500,79.137497,81.612503,
4f7db003,afa7015,0,2,1,75,42966666,4,17729,1115,ef,0,-0.006000,-0.006000,-0.006000,-0.006000,1.796813,2.798813,0.613688,0.573937,104.503998,28.616806,40.000000,77.337494,79.137497,81.612503,
4f7db003,afa7015,0,2,1,75,42966666,4,17729,1115,ef,0,-0.006000,-0.006000,-0.006000,-0.006000,1.796813,2.798813,0.613688,0.573937,104.503998,28.616806,40.000000,77.337494,79.137497,81.612503,
4f7db003,afa7015,0,3,1,75,42966666,4,17730,1115,ef,0,-0.006000,-0.006000,-0.006000,-0.006000,1.798875,2.802562,0.612375,0.573750,104.503998,28.616806,40.000000,77.337494,79.250000,81.612503,
4f7db003,afa7015,0,3,1,75,42966666,4,17730,1115,ef,0,-0.006000,-0.006000,-0.006000,-0.006000,1.798875,2.802562,0.612375,0.573750,104.503998,28.616806,40.000000,77.337494,79.250000,81.612503,
4f7db003,afa7015,0,3,1,75,42966666,4,17731,1115,ef,0,-0.009000,-0.006000,-0.006000,-0.006000,1.800000,2.802938,0.613125,0.573188,104.539993,28.615120,40.000000,77.337494,79.250000,81.612503,
4f7db003,afa7015,0,3,1,75,42962ccc,4,17732,1115,ef,0,-0.009000,-0.006000,-0.003000,-0.006000,1.807125,2.802187,0.611437,0.570000,104.522003,28.615110,40.000000,77.337494,79.250000,81.612503,
4f7db003,afa7015,0,3,1,75,42962ccc,4,17732,1115,ef,0,-0.009000,-0.006000,-0.003000,-0.006000,1.807125,2.802187,0.611437,0.570000,104.522003,28.615110,40.000000,77.337494,79.250000,81.612503,
4f7db003,afa7015,0,3,1,75,42962ccc,4,17733,1115,ef,0,-0.009000,-0.006000,-0.003000,-0.006000,1.798313,2.796750,0.613500,0.569812,104.522003,28.616817,40.000000,77.449997,79.250000,81.612503,
4f7db003,afa7015,0,2,1,75,42962ccc,4,17734,1115,ef,0,-0.006000,-0.006000,-0.003000,-0.006000,1.795688,2.796562,0.612375,0.572625,104.576004,28.615986,40.000000,77.449997,79.250000,81.612503,
4f7db003,afa7015,0,2,1,75,42962ccc,4,17734,1115,ef,0,-0.006000,-0.006000,-0.003000,-0.006000,1.795688,2.796562,0.612375,0.572625,104.576004,28.615986,40.000000,77.449997,79.250000,81.612503,
4f7db003,afa7015,0,3,1,75,42962ccc,4,17735,1115,ef,0,-0.006000,-0.006000,-0.009000,-0.006000,1.799438,2.798250,0.613688,0.570750,104.539993,28.615973,40.000000,77.449997,79.250000,81.612503,
4f7db003,afa7015,0,3,1,75,42962ccc,4,17735,1115,ef,0,-0.006000,-0.006000,-0.009000,-0.006000,1.799438,2.798250,0.613688,0.570750,104.539993,28.615973,40.000000,77.449997,79.250000,81.612503,
4f7db003,afa7015,0,2,1,75,42966666,4,17736,1115,ef,0,0.000000,-0.006000,-0.006000,-0.006000,1.800187,2.802938,0.612188,0.572438,104.576004,28.615139,40.000000,77.449997,79.250000,81.612503,
4f7db003,afa7015,0,3,1,75,42966666,4,17737,1115,ef,0,-0.009000,-0.006000,-0.006000,-0.006000,1.807500,2.802750,0.610875,0.569625,104.576004,28.615135,40.000000,77.449997,79.250000,81.612503,
4f7db003,afa7015,0,3,1,75,42966666,4,17737,1115,ef,0,-0.009000,-0.006000,-0.006000,-0.006000,1.807500,2.802750,0.610875,0.569625,104.576004,28.615135,40.000000,77.449997,79.250000,81.612503,
4f7db003,afa7015,0,3,1,75,42966666,4,17738,1115,ef,0,-0.009000,-0.006000,-0.006000,-0.006000,1.805438,2.800313,0.612188,0.568313,104.594009,28.617702,40.000000,77.449997,79.250000,81.612503,
4f7db003,afa7015,0,3,1,75,42966666,4,17738,1115,ef,0,-0.009000,-0.006000,-0.006000,-0.006000,1.805438,2.800313,0.612188,0.568313,104.594009,28.617702,40.000000,77.449997,79.250000,81.612503,
4f7db003,afa7015,0,2,1,75,42966666,4,17739,1115,ef,0,-0.003000,-0.006000,-0.006000,-0.006000,1.806937,2.800688,0.611625,0.568687,104.594009,28.612591,40.000000,77.449997,79.250000,81.612503,
4f7db003,afa7015,0,3,1,75,42962ccc,4,17740,1115,ef,0,-0.006000,-0.006000,-0.006000,-0.006000,1.798125,2.801625,0.627937,0.573937,104.594009,28.616850,40.000000,77.449997,79.250000,81.612503,
4f7db003,afa7015,0,3,1,75,42962ccc,4,17740,1115,ef,0,-0.006000,-0.006000,-0.006000,-0.006000,1.798125,2.801625,0.627937,0.573937,104.594009,28.616850,40.000000,77.449997,79.250000,81.612503,
4f7db003,fe761008,0,3,1,75,42962ccc,4,17741,1115,ef,0,-0.009000,-0.006000,-0.003000,-0.006000,1.807875,2.803125,0.643500,0.569438,104.612000,28.614302,40.000000,77.337494,79.250000,81.612503,
4f7db003,fe761008,0,3,1,75,42962ccc,4,17741,1115,ef,0,-0.009000,-0.006000,-0.003000,-0.006000,1.807875,2.803125,0.643500,0.569438,104.612000,28.614302,40.000000,77.337494,79.250000,81.612503,
4f7db003,80676016,0,2,1,75,42962ccc,4,17742,1115,ef,0,-0.006000,-0.006000,-0.006000,-0.006000,1.806375,2.799937,0.640875,0.569063,104.612000,28.613449,40.000000,77.337494,79.250000,81.612503,
4f7db003,8068501a,0,3,1,75,42962ccc,4,17743,1115,ef,0,-0.009000,-0.006000,-0.006000,-0.006000,1.805625,2.799000,0.639938,0.569250,104.612000,28.612600,40.000000,77.337494,79.250000,81.612503,
4f7db003,8068501a,0,3,1,75,42962ccc,4,17743,1115,ef,0,-0.009000,-0.006000,-0.006000,-0.006000,1.805625,2.799000,0.639938,0.569250,104.612000,28.612600,40.000000,77.337494,79.250000,81.612503,
4f7db003,80694026,0,2,1,75,42966666,4,17744,1115,ef,0,1.899000,-0.006000,-0.006000,-0.006000,1.795875,2.799937,1.476938,0.573750,104.647995,28.615175,40.000000,77.337494,79.250000,81.612503,
4f7db003,80694026,0,2,1,75,42966666,4,17744,1115,ef,0,1.899000,-0.006000,-0.006000,-0.006000,1.795875,2.799937,1.476938,0.573750,104.647995,28.615175,40.000000,77.337494,79.250000,81.612503,
4f7db003,80666081,0,2,1,75,42966666,4,17745,1115,ef,0,1.869000,-0.006000,-0.003000,-0.006000,1.798313,2.803688,1.538625,0.573375,104.647995,28.613474,40.000000,77.449997,79.250000,81.612503,
4f7db003,80676080,0,3,1,75,42966666,4,17746,1115,ef,0,1.839000,-0.006000,-0.003000,-0.006000,1.803563,2.804438,1.576687,0.572250,104.666000,28.612633,40.000000,77.449997,79.250000,81.612503,
4f7db003,80676080,0,3,1,75,42966666,4,17746,1115,ef,0,1.839000,-0.006000,-0.003000,-0.006000,1.803563,2.804438,1.576687,0.572250,104.666000,28.612633,40.000000,77.449997,79.250000,81.612503,
4f7db003,8068e07f,0,3,1,75,42966666,4,17747,1115,ef,0,1.842000,-0.006000,-0.006000,-0.006000,1.792688,2.797875,1.622250,0.572812,104.647995,28.612621,40.000000,77.449997,79.250000,81.612503,
4f7db003,8068e07f,0,3,1,75,42966666,4,17747,1115,ef,0,1.842000,-0.006000,-0.006000,-0.006000,1.792688,2.797875,1.622250,0.572812,104.647995,28.612621,40.000000,77.449997,79.250000,81.612503,
4f7db003,8069407c,0,3,1,75,42962ccc,4,17748,1115,ef,0,1.827000,-0.006000,-0.006000,-0.006000,1.800000,2.805562,1.632000,0.574125,104.666000,28.612633,40.000000,77.449997,79.250000,81.612503,
4f7db003,8066b079,0,2,1,75,42962ccc,4,17749,1115,ef,0,1.827000,-0.006000,-0.006000,-0.006000,1.796250,2.798625,1.643062,0.570938,104.684006,28.611784,40.000000,77.562500,79.250000,81.612503,
4f7db003,8066b079,0,2,1,75,42962ccc,4,17749,1115,ef,0,1.827000,-0.006000,-0.006000,-0.006000,1.796250,2.798625,1.643062,0.570938,104.684006,28.611784,40.000000,77.562500,79.250000,81.612503,
4f7db003,8067a07a,0,2,1,75,42962ccc,4,17750,1115,ef,0,1.833000,-0.006000,-0.006000,-0.006000,1.793063,2.801625,1.652812,0.572625,104.684006,28.610933,40.000000,77.562500,79.137497,81.612503,
4f7db003,8067a07a,0,2,1,75,42962ccc,4,17750,1115,ef,0,1.833000,-0.006000,-0.006000,-0.006000,1.793063,2.801625,1.652812,0.572625,104.684006,28.610933,40.000000,77.562500,79.137497,81.612503,
4f7db003,8068507a,0,3,1,75,42962ccc,4,17751,1115,ef,0,1.818000,-0.006000,-0.006000,-0.006000,1.792125,2.802938,1.654688,0.573750,104.702003,28.611792,40.000000,77.562500,79.137497,81.500000,
4f7db003,8069507a,0,3,1,75,42966666,4,17752,1115,ef,0,1.824000,-0.006000,-0.003000,-0.006000,1.798500,2.802000,1.665938,0.570188,104.702003,28.613504,40.000000,77.562500,79.137497,81.500000,
4f7db003,8069507a,0,3,1,75,42966666,4,17752,1115,ef,0,1.824000,-0.006000,-0.003000,-0.006000,1.798500,2.802000,1.665938,0.570188,104.702003,28.613504,40.000000,77.562500,79.137497,81.500000,
4f7db003,80668077,0,3,1,75,42966666,4,17753,1115,ef,0,1.818000,-0.006000,-0.006000,-0.006000,1.788188,2.798250,1.680750,0.571500,104.720001,28.610950,40.000000,77.675003,79.137497,81.500000,
4f7db003,80668077,0,3,1,75,42966666,4,17753,1115,ef,0,1.818000,-0.006000,-0.006000,-0.006000,1.788188,2.798250,1.680750,0.571500,104.720001,28.610950,40.000000,77.675003,79.137497,81.500000,
4f7db003,80676078,0,3,1,75,42966666,4,17754,1115,ef,0,1.824000,-0.006000,-0.006000,-0.006000,1.788188,2.800125,1.691437,0.573563,104.720001,28.611809,40.000000,77.675003,79.024994,81.500000,
4f7db003,80685078,0,3,1,75,42966666,4,17755,1115,ef,0,1.821000,-0.006000,-0.003000,-0.006000,1.788375,2.800875,1.681313,0.573563,104.737999,28.610107,40.000000,77.675003,79.024994,81.500000,
4f7db003,80685078,0,3,1,75,42966666,4,17755,1115,ef,0,1.821000,-0.006000,-0.003000,-0.006000,1.788375,2.800875,1.681313,0.573563,104.737999,28.610107,40.000000,77.675003,79.024994,81.500000,
4f7db003,80694079,0,3,1,75,42966666,4,17756,1115,ef,0,1.824000,-0.006000,-0.003000,-0.006000,1.797375,2.803875,1.677562,0.570750,104.737999,28.610966,40.000000,77.675003,79.024994,81.500000,
4f7db003,80694079,0,3,1,75,42966666,4,17756,1115,ef,0,1.824000,-0.006000,-0.003000,-0.006000,1.797375,2.803875,1.677562,0.570750,104.737999,28.610966,40.000000,77.675003,79.024994,81.500000,
4f7db003,80666076,0,2,1,75,42966666,4,17757,1115,ef,0,1.809000,-0.006000,-0.006000,-0.006000,1.793625,2.799187,1.693688,0.571125,104.737999,28.610107,40.000000,77.675003,79.024994,81.500000,
4f7db003,80675076,0,2,1,75,42966666,4,17758,1115,ef,0,1.812000,-0.006000,-0.006000,-0.006000,1.790812,2.799000,1.696875,0.570000,104.737999,28.608400,40.000000,77.675003,78.912498,81.500000,
4f7db003,80675076,0,2,1,75,42966666,4,17758,1115,ef,0,1.812000,-0.006000,-0.006000,-0.006000,1.790812,2.799000,1.696875,0.570000,104.737999,28.608400,40.000000,77.675003,78.912498,81.500000,
4f7db003,80686077,0,2,1,75,42966666,4,17759,1115,ef,0,1.809000,-0.006000,-0.006000,-0.006000,1.784250,2.797312,1.706250,0.572062,104.755997,28.610123,40.000000,77.675003,78.912498,81.387497,
4f7db003,80686077,0,2,1,75,42966666,4,17759,1115,ef,0,1.809000,-0.006000,-0.006000,-0.006000,1.784250,2.797312,1.706250,0.572062,104.755997,28.610123,40.000000,77.675003,78.912498,81.387497,
4f7db003,80694078,0,3,1,75,42966666,4,17760,1115,ef,0,1.809000,-0.006000,-0.006000,-0.006000,1.787812,2.803875,1.709437,0.572812,104.755997,28.608416,40.000000,77.675003,78.912498,81.387497,
4f7db003,80667074,0,3,1,75,42966666,4,17761,1115,ef,0,1.812000,-0.006000,-0.006000,-0.006000,1.792313,2.803313,1.706813,0.570562,104.774002,28.608419,40.000000,77.675003,78.912498,81.387497,
4f7db003,80667074,0,3,1,75,42966666,4,17761,1115,ef,0,1.812000,-0.006000,-0.006000,-0.006000,1.792313,2.803313,1.706813,0.570562,104.774002,28.608419,40.000000,77.675003,78.912498,81.387497,
4f7db003,80676075,0,3,1,75,42966666,4,17762,1115,ef,0,1.806000,-0.006000,-0.006000,-0.006000,1.789875,2.800500,1.713187,0.568875,104.774002,28.607573,40.000000,77.675003,78.687500,81.387497,
4f7db003,80676075,0,3,1,75,42966666,4,17762,1115,ef,0,1.806000,-0.006000,-0.006000,-0.006000,1.789875,2.800500,1.713187,0.568875,104.774002,28.607573,40.000000,77.675003,78.687500,81.387497,
4f7db003,80685076,0,3,1,75,42966666,4,17763,1115,ef,0,1.806000,-0.006000,-0.006000,-0.006000,1.787250,2.799375,1.720500,0.569812,104.774002,28.608427,40.000000,77.675003,78.687500,81.387497,
4f7db003,80694077,0,3,1,75,4296a000,4,17764,1115,ef,0,1.806000,-0.006000,-0.006000,-0.006000,1.782000,2.801438,1.719187,0.573188,104.792000,28.607584,40.000000,77.675003,78.687500,81.387497,
4f7db003,80694077,0,3,1,75,4296a000,4,17764,1115,ef,0,1.806000,-0.006000,-0.006000,-0.006000,1.782000,2.801438,1.719187,0.573188,104.792000,28.607584,40.000000,77.675003,78.687500,81.387497,
4f7db003,80668074,0,2,1,75,4296a000,4,17765,1115,ef,0,1.809000,-0.006000,-0.006000,-0.006000,1.790437,2.804063,1.719938,0.570000,104.810005,28.610147,40.000000,77.675003,78.687500,81.387497,
4f7db003,80668074,0,2,1,75,4296a000,4,17765,1115,ef,0,1.809000,-0.006000,-0.006000,-0.006000,1.790437,2.804063,1.719938,0.570000,104.810005,28.610147,40.000000,77.675003,78.687500,81.387497,
4f7db003,80679074,0,3,1,75,4296a000,4,17766,1115,ef,0,1.800000,-0.006000,-0.009000,-0.006000,1.782750,2.798438,1.730062,0.571500,104.810005,28.608442,40.000000,77.675003,78.462494,81.387497,
4f7db003,80685075,0,3,1,75,4296a000,4,17767,1115,ef,0,1.797000,-0.006000,-0.006000,-0.006000,1.779188,2.798438,1.730625,0.570938,104.810005,28.606739,40.000000,77.675003,78.462494,81.162498,
4f7db003,80685075,0,3,1,75,4296a000,4,17767,1115,ef,0,1.797000,-0.006000,-0.006000,-0.006000,1.779188,2.798438,1.730625,0.570938,104.810005,28.606739,40.000000,77.675003,78.462494,81.162498,
4f7db003,80694076,0,3,1,75,4296a000,4,17768,1115,ef,0,1.788000,-0.006000,-0.006000,-0.006000,1.781062,2.803688,1.733625,0.573750,104.827995,28.610159,40.000000,77.675003,78.462494,81.162498,
4f7db003,80694076,0,3,1,75,4296a000,4,17768,1115,ef,0,1.788000,-0.006000,-0.006000,-0.006000,1.781062,2.803688,1.733625,0.573750,104.827995,28.610159,40.000000,77.675003,78.462494,81.162498,
4f7db003,80667072,0,2,1,75,4296a000,4,17769,1115,ef,0,1.818000,-0.006000,-0.006000,-0.006000,1.787063,2.804812,1.738125,0.571125,104.810005,28.608448,40.000000,77.787498,78.462494,81.162498,
4f7db003,8067c074,0,2,1,75,4296a000,4,17770,1115,ef,0,1.803000,-0.006000,-0.006000,-0.006000,1.776000,2.799375,1.743937,0.573375,104.827995,28.607603,40.000000,77.787498,78.237503,81.162498,
4f7db003,8067c074,0,2,1,75,4296a000,4,17770,1115,ef,0,1.803000,-0.006000,-0.006000,-0.006000,1.776000,2.799375,1.743937,0.573375,104.827995,28.607603,40.000000,77.787498,78.237503,81.162498,
4f7db003,80683074,0,2,1,75,4296a000,4,17771,1115,ef,0,1.800000,-0.006000,-0.006000,-0.006000,1.774500,2.798625,1.755188,0.573188,104.827995,28.605896,40.000000,77.787498,78.237503,81.162498,
4f7db003,80683074,0,2,1,75,4296a000,4,17771,1115,ef,0,1.800000,-0.006000,-0.006000,-0.006000,1.774500,2.798625,1.755188,0.573188,104.827995,28.605896,40.000000,77.787498,78.237503,81.162498,
4f7db003,80692074,0,2,1,75,4296a000,4,17772,1115,ef,0,1.782000,-0.006000,-0.006000,-0.006000,1.777125,2.803688,1.763062,0.574313,104.846001,28.608465,40.000000,77.787498,78.237503,81.162498,
4f7db003,80670071,0,2,1,75,4296a000,4,17773,1115,ef,0,1.785000,-0.006000,-0.006000,-0.006000,1.773750,2.799375,1.806563,0.573188,104.846001,28.607613,40.000000,77.675003,78.237503,81.162498,
4f7db003,80670071,0,2,1,75,4296a000,4,17773,1115,ef,0,1.785000,-0.006000,-0.006000,-0.006000,1.773750,2.799375,1.806563,0.573188,104.846001,28.607613,40.000000,77.675003,78.237503,81.162498,
4f7db003,8067506e,0,3,1,75,4296a000,4,17774,1115,ef,0,1.776000,-0.006000,-0.006000,-0.006000,1.774125,2.801063,1.828875,0.574875,104.846001,28.607613,39.000000,77.675003,78.012497,81.162498,
4f7db003,8067506e,0,3,1,75,4296a000,4,17774,1115,ef,0,1.776000,-0.006000,-0.006000,-0.006000,1.774125,2.801063,1.828875,0.574875,104.846001,28.607613,39.000000,77.675003,78.012497,81.162498,
4f7db003,8068506f,0,3,1,75,4296a000,4,17775,1115,ef,0,1.770000,-0.006000,-0.006000,-0.006000,1.774125,2.802000,1.832625,0.574313,104.863998,28.607622,40.000000,77.675003,78.012497,81.162498,
4f7db003,8069306f,0,3,1,75,4296d99a,4,17776,1115,ef,0,1.776000,-0.006000,-0.006000,-0.006000,1.782187,2.804063,1.831500,0.570938,104.863998,28.604212,39.000000,77.675003,78.012497,81.162498,
4f7db003,8069306f,0,3,1,75,4296d99a,4,17776,1115,ef,0,1.776000,-0.006000,-0.006000,-0.006000,1.782187,2.804063,1.831500,0.570938,104.863998,28.604212,39.000000,77.675003,78.012497,81.162498,
4f7db003,8066606b,0,3,1,75,4296d99a,4,17777,1115,ef,0,1.767000,-0.006000,-0.003000,-0.006000,1.778625,2.800125,1.841625,0.570562,104.900002,28.606787,40.000000,77.787498,78.012497,81.162498,
4f7db003,8066606b,0,3,1,75,4296d99a,4,17777,1115,ef,0,1.767000,-0.006000,-0.003000,-0.006000,1.778625,2.800125,1.841625,0.570562,104.900002,28.606787,40.000000,77.787498,78.012497,81.162498,
4f7db003,8067406d,0,2,1,75,4296d99a,4,17778,1115,ef,0,1.767000,-0.006000,-0.006000,-0.006000,1.777688,2.799562,1.843313,0.570750,104.882004,28.605074,39.000000,77.787498,77.899994,81.162498,
4f7db003,8068506d,0,2,1,75,4296d99a,4,17779,1115,ef,0,1.761000,-0.006000,-0.006000,-0.006000,1.774688,2.799000,1.867313,0.571125,104.882004,28.605928,39.000000,77.787498,77.899994,81.274994,
4f7db003,8068506d,0,2,1,75,4296d99a,4,17779,1115,ef,0,1.761000,-0.006000,-0.006000,-0.006000,1.774688,2.799000,1.867313,0.571125,104.882004,28.605928,39.000000,77.787498,77.899994,81.274994,
4f7db003,8069506d,0,2,1,75,4296d99a,4,17780,1115,ef,0,1.755000,-0.006000,-0.006000,-0.006000,1.772250,2.803688,1.910812,0.573375,104.882004,28.605074,39.000000,77.787498,77.899994,81.274994,
4f7db003,8069506d,0,2,1,75,4296d99a,4,17780,1115,ef,0,1.755000,-0.006000,-0.006000,-0.006000,1.772250,2.803688,1.910812,0.573375,104.882004,28.605074,39.000000,77.787498,77.899994,81.274994,
4f7db003,80674067,0,2,1,75,4296d99a,4,17781,1115,ef,0,1.734000,-0.006000,-0.006000,-0.006000,1.772812,2.803313,1.942875,0.572812,104.900002,28.604225,39.000000,77.899994,77.899994,81.274994,
4f7db003,80675065,0,2,1,75,4296d99a,4,17782,1115,ef,0,1.731000,-0.006000,-0.006000,-0.006000,1.777500,2.804625,1.967062,0.573188,104.917999,28.603388,39.000000,77.899994,77.675003,81.274994,
4f7db003,80675065,0,2,1,75,4296d99a,4,17782,1115,ef,0,1.731000,-0.006000,-0.006000,-0.006000,1.777500,2.804625,1.967062,0.573188,104.917999,28.603388,39.000000,77.899994,77.675003,81.274994,
4f7db003,80683064,0,3,1,75,4296d99a,4,17783,1115,ef,0,1.701000,-0.006000,-0.006000,-0.006000,1.774688,2.803875,2.019000,0.571688,104.917999,28.605093,39.000000,77.899994,77.675003,81.162498,
4f7db003,80683064,0,3,1,75,4296d99a,4,17783,1115,ef,0,1.701000,-0.006000,-0.006000,-0.006000,1.774688,2.803875,2.019000,0.571688,104.917999,28.605093,39.000000,77.899994,77.675003,81.162498,
4f7db003,8069405e,0,2,1,75,4296d99a,4,17784,1115,ef,0,1.560000,-0.006000,-0.003000,-0.006000,1.773750,2.799562,2.280188,0.570375,104.917999,28.605087,39.000000,77.899994,77.675003,81.162498,
4f7db003,8069b049,0,3,1,75,4296d99a,4,17785,1115,ef,0,1.533000,-0.006000,-0.006000,-0.006000,1.767563,2.801250,2.328562,0.575063,104.935997,28.603392,39.000000,77.787498,77.675003,81.162498,
4f7db003,8069b049,0,3,1,75,4296d99a,4,17785,1115,ef,0,1.533000,-0.006000,-0.006000,-0.006000,1.767563,2.801250,2.328562,0.575063,104.935997,28.603392,39.000000,77.787498,77.675003,81.162498,
4f7db003,8067503c,0,2,1,75,4296d99a,4,17786,1115,ef,0,1.422000,-0.006000,-0.006000,-0.006000,1.768875,2.803125,2.422500,0.574125,104.917999,28.604242,39.000000,77.787498,77.449997,81.162498,
4f7db003,8067503c,0,2,1,75,4296d99a,4,17786,1115,ef,0,1.422000,-0.006000,-0.006000,-0.006000,1.768875,2.803125,2.422500,0.574125,104.917999,28.604242,39.000000,77.787498,77.449997,81.162498,
4f7db003,80683020,0,2,1,75,4296d99a,4,17787,1115,ef,0,1.290000,-0.006000,-0.006000,-0.006000,1.767750,2.802562,2.319937,0.573937,104.935997,28.605104,39.000000,77.787498,77.449997,81.274994,
4f7db003,80697017,0,2,1,75,42971333,4,17788,1115,ef,0,1.440000,-0.006000,-0.006000,-0.006000,1.773188,2.799562,2.415188,0.570000,104.953995,28.604258,39.000000,77.787498,77.449997,81.274994,
4f7db003,80697017,0,2,1,75,42971333,4,17788,1115,ef,0,1.440000,-0.006000,-0.006000,-0.006000,1.773188,2.799562,2.415188,0.570000,104.953995,28.604258,39.000000,77.787498,77.449997,81.274994,
4f7db003,80666029,0,2,1,75,42971333,4,17789,1115,ef,0,1.272000,-0.006000,-0.006000,-0.006000,1.765313,2.798625,2.367188,0.572438,104.972000,28.603413,39.000000,77.787498,77.449997,81.274994,
4f7db003,80666029,0,2,1,75,42971333,4,17789,1115,ef,0,1.272000,-0.006000,-0.006000,-0.006000,1.765313,2.798625,2.367188,0.572438,104.972000,28.603413,39.000000,77.787498,77.449997,81.274994,
4f7db003,8067600b,0,3,1,75,42971333,4,17790,1115,ef,0,1.467000,-0.006000,-0.006000,-0.006000,1.766062,2.801812,2.384250,0.574125,104.953995,28.605116,39.000000,77.787498,77.337494,81.274994,
4f7db003,8068502d,0,3,1,75,42971333,4,17791,1115,ef,0,1.380000,-0.006000,-0.006000,-0.006000,1.766625,2.802375,2.426063,0.573937,104.972000,28.604267,39.000000,77.787498,77.337494,81.274994,
4f7db003,8068502d,0,3,1,75,42971333,4,17791,1115,ef,0,1.380000,-0.006000,-0.006000,-0.006000,1.766625,2.802375,2.426063,0.573937,104.972000,28.604267,39.000000,77.787498,77.337494,81.274994,
4f7db003,80694011,0,2,1,75,42971333,4,17792,1115,ef,0,1.392000,-0.006000,-0.009000,-0.006000,1.774875,2.804438,2.322937,0.570375,104.953995,28.603409,39.000000,77.787498,77.337494,81.274994,
4f7db003,80694011,0,2,1,75,42971333,4,17792,1115,ef,0,1.392000,-0.006000,-0.009000,-0.006000,1.774875,2.804438,2.322937,0.570375,104.953995,28.603409,39.000000,77.787498,77.337494,81.274994,
4f7db003,80667026,0,2,1,75,42971333,4,17793,1115,ef,0,1.413000,-0.006000,-0.006000,-0.006000,1.769438,2.798813,2.423063,0.570938,104.989998,28.602570,39.000000,77.675003,77.337494,81.274994,
4f7db003,80693027,0,3,1,75,42971333,4,17794,1115,ef,0,1.257000,-0.006000,-0.006000,-0.006000,1.772625,2.800125,2.328187,0.570375,104.989998,28.601717,39.000000,77.675003,77.224998,81.274994,
4f7db003,80693027,0,3,1,75,42971333,4,17794,1115,ef,0,1.257000,-0.006000,-0.006000,-0.006000,1.772625,2.800125,2.328187,0.570375,104.989998,28.601717,39.000000,77.675003,77.224998,81.274994,
4f7db003,8068500d,0,2,1,75,42971333,4,17795,1115,ef,0,1.455000,-0.006000,-0.006000,-0.006000,1.770000,2.799937,2.397938,0.570375,104.989998,28.601717,39.000000,77.675003,77.224998,81.387497,
4f7db003,8068500d,0,2,1,75,42971333,4,17795,1115,ef,0,1.455000,-0.006000,-0.006000,-0.006000,1.770000,2.799937,2.397938,0.570375,104.989998,28.601717,39.000000,77.675003,77.224998,81.387497,
4f7db003,8069502f,0,2,1,75,4296d99a,4,17796,1115,ef,0,1.389000,-0.006000,-0.003000,-0.006000,1.766813,2.803875,2.426063,0.574687,104.989998,28.601717,39.000000,77.675003,77.224998,81.387497,
4f7db003,80667017,0,3,1,75,4296d99a,4,17797,1115,ef,0,1.320000,-0.006000,-0.006000,-0.006000,1.774688,2.804812,2.314500,0.571125,105.026001,28.601734,39.000000,77.675003,77.224998,81.387497,
4f7db003,80667017,0,3,1,75,4296d99a,4,17797,1115,ef,0,1.320000,-0.006000,-0.006000,-0.006000,1.774688,2.804812,2.314500,0.571125,105.026001,28.601734,39.000000,77.675003,77.224998,81.387497,
4f7db003,8067a01c,0,2,1,75,4296d99a,4,17798,1115,ef,0,1.434000,-0.006000,-0.006000,-0.006000,1.764000,2.798250,2.421937,0.573000,105.026001,28.603445,39.000000,77.675003,77.112503,81.387497,
4f7db003,8067a01c,0,2,1,75,4296d99a,4,17798,1115,ef,0,1.434000,-0.006000,-0.006000,-0.006000,1.764000,2.798250,2.421937,0.573000,105.026001,28.603445,39.000000,77.675003,77.112503,81.387497,
4f7db003,80685025,0,2,1,75,4296d99a,4,17799,1115,ef,0,1.257000,-0.006000,-0.006000,-0.006000,1.763062,2.798250,2.323125,0.573563,105.008003,28.602581,39.000000,77.675003,77.112503,81.387497,
4f7db003,80694010,0,3,1,75,42971333,4,17800,1115,ef,0,1.449000,-0.006000,-0.003000,-0.006000,1.770938,2.804625,2.397750,0.572438,105.026001,28.600031,39.000000,77.675003,77.112503,81.387497,
4f7db003,80694010,0,3,1,75,42971333,4,17800,1115,ef,0,1.449000,-0.006000,-0.003000,-0.006000,1.770938,2.804625,2.397750,0.572438,105.026001,28.600031,39.000000,77.675003,77.112503,81.387497,
4f7db003,8066702c,0,3,1,75,42971333,4,17801,1115,ef,0,1.290000,-0.006000,-0.006000,-0.006000,1.772625,2.802187,2.380500,0.570750,105.044006,28.600040,39.000000,77.899994,77.112503,81.387497,
4f7db003,8066702c,0,3,1,75,42971333,4,17801,1115,ef,0,1.290000,-0.006000,-0.006000,-0.006000,1.772625,2.802187,2.380500,0.570750,105.044006,28.600040,39.000000,77.899994,77.112503,81.387497,
4f7db003,8067b00b,0,3,1,75,42971333,4,17802,1115,ef,0,1.422000,-0.006000,-0.006000,-0.006000,1.763813,2.800500,2.353688,0.574125,105.044006,28.601744,39.000000,77.899994,77.112503,81.387497,
4f7db003,8068502b,0,3,1,75,42971333,4,17803,1115,ef,0,1.386000,-0.006000,-0.006000,-0.006000,1.764750,2.801812,2.434500,0.574313,105.061996,28.600899,39.000000,77.899994,77.112503,81.387497,
4f7db003,8068502b,0,3,1,75,42971333,4,17803,1115,ef,0,1.386000,-0.006000,-0.006000,-0.006000,1.764750,2.801812,2.434500,0.574313,105.061996,28.600899,39.000000,77.899994,77.112503,81.387497,
4f7db003,80692016,0,3,1,75,42971333,4,17804,1115,ef,0,1.326000,-0.006000,-0.006000,-0.006000,1.773188,2.804438,2.313375,0.572625,105.061996,28.602606,39.000000,77.899994,77.112503,81.387497,
4f7db003,80692016,0,3,1,75,42971333,4,17804,1115,ef,0,1.326000,-0.006000,-0.006000,-0.006000,1.773188,2.804438,2.313375,0.572625,105.061996,28.602606,39.000000,77.899994,77.112503,81.387497,
4f7db003,8066701f,0,3,1,75,42971333,4,17805,1115,ef,0,1.416000,-0.006000,-0.003000,-0.006000,1.770750,2.800875,2.424562,0.569063,105.061996,28.600903,39.000000,77.787498,77.112503,81.387497,
4f7db003,80676022,0,3,1,75,42971333,4,17806,1115,ef,0,1.248000,-0.006000,-0.006000,-0.006000,1.765500,2.798625,2.325750,0.571125,105.061996,28.601757,39.000000,77.787498,77.000000,81.387497,
4f7db003,80676022,0,3,1,75,42971333,4,17806,1115,ef,0,1.248000,-0.006000,-0.006000,-0.006000,1.765500,2.798625,2.325750,0.571125,105.061996,28.601757,39.000000,77.787498,77.000000,81.387497,
4f7db003,8068500f,0,2,1,75,42971333,4,17807,1115,ef,0,1.449000,-0.006000,-0.003000,-0.006000,1.762500,2.798813,2.408250,0.571875,105.080002,28.598352,39.000000,77.787498,77.000000,81.387497,
4f7db003,8068500f,0,2,1,75,42971333,4,17807,1115,ef,0,1.449000,-0.006000,-0.003000,-0.006000,1.762500,2.798813,2.408250,0.571875,105.080002,28.598352,39.000000,77.787498,77.000000,81.387497,
4f7db003,8069902d,0,2,1,75,42971333,4,17808,1115,ef,0,1.254000,-0.006000,-0.006000,-0.006000,1.771688,2.802938,2.351063,0.570375,105.080002,28.600056,39.000000,77.787498,77.000000,81.387497,
4f7db003,80667009,0,3,1,75,42971333,4,17809,1115,ef,0,1.440000,-0.006000,-0.006000,-0.006000,1.764750,2.798063,2.373938,0.571125,105.098000,28.600067,39.000000,77.899994,77.000000,81.387497,
4f7db003,80667009,0,3,1,75,42971333,4,17809,1115,ef,0,1.440000,-0.006000,-0.006000,-0.006000,1.764750,2.798063,2.373938,0.571125,105.098000,28.600067,39.000000,77.899994,77.000000,81.387497,
4f7db003,8067502d,0,2,1,75,42971333,4,17810,1115,ef,0,1.365000,-0.006000,-0.006000,-0.006000,1.761188,2.797312,2.439563,0.572438,105.098000,28.600067,39.000000,77.899994,77.000000,81.387497,
4f7db003,8067502d,0,2,1,75,42971333,4,17810,1115,ef,0,1.365000,-0.006000,-0.006000,-0.006000,1.761188,2.797312,2.439563,0.572438,105.098000,28.600067,39.000000,77.899994,77.000000,81.387497,
4f7db003,80686011,0,2,1,75,42971333,4,17811,1115,ef,0,1.368000,-0.006000,-0.003000,-0.006000,1.761937,2.799187,2.313937,0.574313,105.098000,28.599215,39.000000,77.899994,77.000000,81.500000,
4f7db003,80694023,0,3,1,75,42974ccc,4,17812,1115,ef,0,1.413000,-0.006000,-0.006000,-0.006000,1.771875,2.804250,2.421750,0.571875,105.115997,28.599224,39.000000,77.899994,77.000000,81.500000,
4f7db003,80694023,0,3,1,75,42974ccc,4,17812,1115,ef,0,1.413000,-0.006000,-0.006000,-0.006000,1.771875,2.804250,2.421750,0.571875,105.115997,28.599224,39.000000,77.899994,77.000000,81.500000,
4f7db003,8066801e,0,3,1,75,42974ccc,4,17813,1115,ef,0,1.278000,-0.006000,-0.003000,-0.006000,1.768313,2.798438,2.324438,0.570000,105.115997,28.599224,39.000000,77.899994,77.000000,81.500000,
4f7db003,8066801e,0,3,1,75,42974ccc,4,17813,1115,ef,0,1.278000,-0.006000,-0.003000,-0.006000,1.768313,2.798438,2.324438,0.570000,105.115997,28.599224,39.000000,77.899994,77.000000,81.500000,
4f7db003,80676015,0,3,1,75,42974ccc,4,17814,1115,ef,0,1.440000,-0.006000,-0.006000,-0.006000,1.761000,2.799000,2.415750,0.572438,105.115997,28.600935,39.000000,77.899994,76.887497,81.500000,
4f7db003,8068502b,0,2,1,75,42974ccc,4,17815,1115,ef,0,1.254000,-0.006000,-0.006000,-0.006000,1.760062,2.799187,2.340938,0.573563,105.115997,28.600931,39.000000,77.899994,76.887497,81.500000,
4f7db003,8068502b,0,2,1,75,42974ccc,4,17815,1115,ef,0,1.254000,-0.006000,-0.006000,-0.006000,1.760062,2.799187,2.340938,0.573563,105.115997,28.600931,39.000000,77.899994,76.887497,81.500000,
4f7db003,8069600a,0,3,1,75,42971333,4,17816,1115,ef,0,1.467000,-0.006000,-0.006000,-0.006000,1.771312,2.804063,2.380875,0.570188,105.115997,28.600082,39.000000,77.899994,76.887497,81.500000,
4f7db003,8066602e,0,2,1,75,42971333,4,17817,1115,ef,0,1.356000,-0.006000,-0.006000,-0.006000,1.768313,2.800688,2.436188,0.569625,105.134003,28.597528,39.000000,77.899994,76.887497,81.500000,
4f7db003,8066602e,0,2,1,75,42971333,4,17817,1115,ef,0,1.356000,-0.006000,-0.006000,-0.006000,1.768313,2.800688,2.436188,0.569625,105.134003,28.597528,39.000000,77.899994,76.887497,81.500000,
4f7db003,80675010,0,2,1,75,42971333,4,17818,1115,ef,0,1.353000,-0.006000,-0.006000,-0.006000,1.765687,2.799187,2.322187,0.570562,105.134003,28.600092,39.000000,77.899994,76.887497,81.500000,
4f7db003,80675010,0,2,1,75,42971333,4,17818,1115,ef,0,1.353000,-0.006000,-0.006000,-0.006000,1.765687,2.799187,2.322187,0.570562,105.134003,28.600092,39.000000,77.899994,76.887497,81.500000,
4f7db003,807e402f,0,2,1,75,42971333,4,17819,1115,ef,0,1.371000,-0.006000,-0.006000,-0.006000,1.760062,2.798438,2.438625,0.572250,105.152000,28.600954,39.000000,77.899994,76.887497,81.612503,
4f7db003,807e402f,0,2,1,75,42971333,4,17819,1115,ef,0,1.371000,-0.006000,-0.006000,-0.006000,1.760062,2.798438,2.438625,0.572250,105.152000,28.600954,39.000000,77.899994,76.887497,81.612503,
4f7db003,807db013,0,3,1,75,42978666,4,17820,1115,ef,0,1.449000,-0.006000,-0.006000,-0.006000,1.759500,2.798063,2.371875,0.573188,105.134003,28.598383,39.000000,77.899994,76.887497,81.612503,
4f7db003,807db013,0,3,1,75,42978666,4,17820,1115,ef,0,1.449000,-0.006000,-0.006000,-0.006000,1.759500,2.798063,2.371875,0.573188,105.134003,28.598383,39.000000,77.899994,76.887497,81.612503,
4f7db003,80864037,0,2,1,75,42978666,4,17821,1115,ef,0,1.242000,-0.006000,-0.006000,-0.006000,1.767375,2.800500,2.348813,0.570750,105.152000,28.598398,39.000000,77.899994,76.887497,81.612503,
4f7db003,80864037,0,2,1,75,42978666,4,17821,1115,ef,0,1.242000,-0.006000,-0.006000,-0.006000,1.767375,2.800500,2.348813,0.570750,105.152000,28.598398,39.000000,77.899994,76.887497,81.612503,
4f7db003,8069900a,0,3,1,75,42978666,4,17822,1115,ef,0,1.470000,-0.006000,-0.006000,-0.006000,1.758750,2.799000,2.384063,0.573563,105.152000,28.597540,39.000000,77.899994,76.887497,81.612503,
4f7db003,8069900a,0,3,1,75,42978666,4,17822,1115,ef,0,1.470000,-0.006000,-0.006000,-0.006000,1.758750,2.799000,2.384063,0.573563,105.152000,28.597540,39.000000,77.899994,76.887497,81.612503,
4f7db003,8068702e,0,3,1,75,42978666,4,17823,1115,ef,0,1.326000,-0.006000,-0.006000,-0.006000,1.761000,2.802375,2.409000,0.574500,105.169998,28.600107,39.000000,77.899994,76.887497,81.500000,
4f7db003,8069400d,0,2,1,75,42978666,4,17824,1115,ef,0,1.410000,-0.006000,-0.003000,-0.006000,1.769250,2.803125,2.332125,0.570562,105.169998,28.599260,39.000000,77.899994,76.887497,81.500000,
4f7db003,8069400d,0,2,1,75,42978666,4,17824,1115,ef,0,1.410000,-0.006000,-0.003000,-0.006000,1.769250,2.803125,2.332125,0.570562,105.169998,28.599260,39.000000,77.899994,76.887497,81.500000,
4f7db003,80667029,0,3,1,75,42978666,4,17825,1115,ef,0,1.380000,-0.006000,-0.006000,-0.006000,1.762688,2.799187,2.437500,0.571312,105.169998,28.598408,39.000000,77.899994,76.887497,81.500000,
4f7db003,80667029,0,3,1,75,42978666,4,17825,1115,ef,0,1.380000,-0.006000,-0.006000,-0.006000,1.762688,2.799187,2.437500,0.571312,105.169998,28.598408,39.000000,77.899994,76.887497,81.500000,
4f7db003,80676016,0,2,1,75,42978666,4,17826,1115,ef,0,1.323000,-0.006000,-0.006000,-0.006000,1.758375,2.798813,2.317500,0.573750,105.188004,28.597557,39.000000,77.899994,76.774994,81.500000,
4f7db003,8068301c,0,2,1,75,42978666,4,17827,1115,ef,0,1.425000,-0.006000,-0.003000,-0.006000,1.758375,2.799937,2.423250,0.571688,105.188004,28.597557,39.000000,77.899994,76.774994,81.612503,
4f7db003,8068301c,0,2,1,75,42978666,4,17827,1115,ef,0,1.425000,-0.006000,-0.003000,-0.006000,1.758375,2.799937,2.423250,0.571688,105.188004,28.597557,39.000000,77.899994,76.774994,81.612503,
4f7db003,80694025,0,3,1,75,42978666,4,17828,1115,ef,0,1.257000,-0.006000,-0.003000,-0.006000,1.763625,2.805000,2.316562,0.573937,105.188004,28.599270,39.000000,77.899994,76.774994,81.612503,
4f7db003,80694025,0,3,1,75,42978666,4,17828,1115,ef,0,1.257000,-0.006000,-0.003000,-0.006000,1.763625,2.805000,2.316562,0.573937,105.188004,28.599270,39.000000,77.899994,76.774994,81.612503,
4f7db003,8066700d,0,3,1,75,42978666,4,17829,1115,ef,0,1.461000,-0.006000,-0.006000,-0.006000,1.768125,2.802375,2.396063,0.572438,105.188004,28.598415,39.000000,78.012497,76.774994,81.612503,
4f7db003,8067a02d,0,2,1,75,42978666,4,17830,1115,ef,0,1.242000,-0.006000,-0.006000,-0.006000,1.757437,2.799562,2.344312,0.574125,105.188004,28.595856,39.000000,78.012497,76.662498,81.612503,
4f7db003,8067a02d,0,2,1,75,42978666,4,17830,1115,ef,0,1.242000,-0.006000,-0.006000,-0.006000,1.757437,2.799562,2.344312,0.574125,105.188004,28.595856,39.000000,78.012497,76.662498,81.612503,
4f7db003,80689009,0,2,1,75,42978666,4,17831,1115,ef,0,1.461000,-0.006000,-0.006000,-0.006000,1.760813,2.804063,2.378250,0.574500,105.223999,28.596725,39.000000,78.012497,76.662498,81.612503,
4f7db003,80689009,0,2,1,75,42978666,4,17831,1115,ef,0,1.461000,-0.006000,-0.006000,-0.006000,1.760813,2.804063,2.378250,0.574500,105.223999,28.596725,39.000000,78.012497,76.662498,81.612503,
4f7db003,8069402e,0,3,1,75,42978666,4,17832,1115,ef,0,1.329000,-0.006000,-0.006000,-0.006000,1.766813,2.802375,2.408813,0.571500,105.205994,28.596718,39.000000,78.012497,76.662498,81.612503,
4f7db003,8066700c,0,3,1,75,42978666,4,17833,1115,ef,0,1.398000,-0.006000,-0.006000,-0.006000,1.758937,2.798250,2.343375,0.571875,105.223999,28.599283,39.000000,78.012497,76.662498,81.612503,
4f7db003,8066700c,0,3,1,75,42978666,4,17833,1115,ef,0,1.398000,-0.006000,-0.006000,-0.006000,1.758937,2.798250,2.343375,0.571875,105.223999,28.599283,39.000000,78.012497,76.662498,81.612503,
4f7db003,8067602a,0,2,1,75,42978666,4,17834,1115,ef,0,1.389000,-0.006000,-0.006000,-0.006000,1.757250,2.799750,2.436000,0.574125,105.223999,28.597584,39.000000,78.012497,76.662498,81.612503,
4f7db003,8067602a,0,2,1,75,42978666,4,17834,1115,ef,0,1.389000,-0.006000,-0.006000,-0.006000,1.757250,2.799750,2.436000,0.574125,105.223999,28.597584,39.000000,78.012497,76.662498,81.612503,
4f7db003,80685014,0,2,1,75,42978666,4,17835,1115,ef,0,1.356000,-0.006000,-0.006000,-0.006000,1.758188,2.799562,2.319000,0.574500,105.223999,28.596729,39.000000,78.012497,76.662498,81.612503,
4f7db003,80693022,0,2,1,75,42978666,4,17836,1115,ef,0,1.404000,-0.006000,-0.006000,-0.006000,1.764938,2.803875,2.421562,0.573563,105.241997,28.595034,39.000000,78.012497,76.662498,81.612503,
4f7db003,80693022,0,2,1,75,42978666,4,17836,1115,ef,0,1.404000,-0.006000,-0.006000,-0.006000,1.764938,2.803875,2.421562,0.573563,105.241997,28.595034,39.000000,78.012497,76.662498,81.612503,
4f7db003,8066701d,0,2,1,75,42978666,4,17837,1115,ef,0,1.281000,-0.006000,-0.006000,-0.006000,1.767000,2.802938,2.312250,0.570750,105.241997,28.596741,39.000000,77.899994,76.662498,81.612503,
4f7db003,8066701d,0,2,1,75,42978666,4,17837,1115,ef,0,1.281000,-0.006000,-0.006000,-0.006000,1.767000,2.802938,2.312250,0.570750,105.241997,28.596741,39.000000,77.899994,76.662498,81.612503,
4f7db003,80677017,0,3,1,75,42978666,4,17838,1115,ef,0,1.422000,-0.006000,-0.003000,-0.006000,1.762688,2.800125,2.415375,0.572250,105.260002,28.595892,39.000000,77.899994,76.662498,81.612503,
4f7db003,80684028,0,3,1,75,42978666,4,17839,1115,ef,0,1.239000,-0.006000,-0.006000,-0.006000,1.764188,2.799187,2.328375,0.570938,105.241997,28.597588,39.000000,77.899994,76.662498,81.724998,
4f7db003,80684028,0,3,1,75,42978666,4,17839,1115,ef,0,1.239000,-0.006000,-0.006000,-0.006000,1.764188,2.799187,2.328375,0.570938,105.241997,28.597588,39.000000,77.899994,76.662498,81.724998,
4f7db003,8069300c,0,2,1,75,42978666,4,17840,1115,ef,0,1.461000,-0.006000,-0.006000,-0.006000,1.756875,2.801250,2.393812,0.574687,105.260002,28.594185,39.000000,77.899994,76.662498,81.724998,
4f7db003,8069300c,0,2,1,75,42978666,4,17840,1115,ef,0,1.461000,-0.006000,-0.006000,-0.006000,1.756875,2.801250,2.393812,0.574687,105.260002,28.594185,39.000000,77.899994,76.662498,81.724998,
4f7db003,8066502c,0,2,1,75,42978666,4,17841,1115,ef,0,1.257000,-0.006000,-0.006000,-0.006000,1.758563,2.801438,2.356688,0.574687,105.260002,28.594185,39.000000,77.787498,76.662498,81.724998,
4f7db003,8067500a,0,3,1,75,42978666,4,17842,1115,ef,0,1.443000,-0.006000,-0.006000,-0.006000,1.759500,2.803688,2.368313,0.574313,105.260002,28.593336,39.000000,77.787498,76.662498,81.724998,
4f7db003,8067500a,0,3,1,75,42978666,4,17842,1115,ef,0,1.443000,-0.006000,-0.006000,-0.006000,1.759500,2.803688,2.368313,0.574313,105.260002,28.593336,39.000000,77.787498,76.662498,81.724998,
4f7db003,8068502e,0,2,1,75,42978666,4,17843,1115,ef,0,1.335000,-0.006000,-0.003000,-0.006000,1.761562,2.804625,2.421750,0.574125,105.260002,28.595043,39.000000,77.787498,76.662498,81.612503,
4f7db003,8068502e,0,2,1,75,42978666,4,17843,1115,ef,0,1.335000,-0.006000,-0.003000,-0.006000,1.761562,2.804625,2.421750,0.574125,105.260002,28.595043,39.000000,77.787498,76.662498,81.612503,
4f7db003,8069400d,0,3,1,75,42978666,4,17844,1115,ef,0,1.395000,-0.006000,-0.003000,-0.006000,1.763625,2.801438,2.331375,0.570188,105.278000,28.595047,39.000000,77.787498,76.662498,81.612503,
4f7db003,80667029,0,2,1,75,42978666,4,17845,1115,ef,0,1.389000,-0.006000,-0.003000,-0.006000,1.755000,2.799562,2.435437,0.573000,105.296005,28.595060,39.000000,77.899994,76.662498,81.612503,
4f7db003,80667029,0,2,1,75,42978666,4,17845,1115,ef,0,1.389000,-0.006000,-0.003000,-0.006000,1.755000,2.799562,2.435437,0.573000,105.296005,28.595060,39.000000,77.899994,76.662498,81.612503,
4f7db003,80679015,0,2,1,75,42978666,4,17846,1115,ef,0,1.317000,-0.006000,-0.009000,-0.006000,1.759500,2.804625,2.310937,0.574687,105.296005,28.596764,39.000000,77.899994,76.662498,81.612503,
4f7db003,80679015,0,2,1,75,42978666,4,17846,1115,ef,0,1.317000,-0.006000,-0.009000,-0.006000,1.759500,2.804625,2.310937,0.574687,105.296005,28.596764,39.000000,77.899994,76.662498,81.612503,
4f7db003,80685020,0,2,1,75,42978666,4,17847,1115,ef,0,1.404000,-0.006000,-0.006000,-0.006000,1.762313,2.805187,2.423438,0.573000,105.278000,28.595901,39.000000,77.899994,76.662498,81.612503,
4f7db003,8069401e,0,2,1,75,42978666,4,17848,1115,ef,0,1.266000,-0.006000,-0.006000,-0.006000,1.762500,2.800125,2.312250,0.570562,105.296005,28.594208,39.000000,77.899994,76.662498,81.612503,
4f7db003,8069401e,0,2,1,75,42978666,4,17848,1115,ef,0,1.266000,-0.006000,-0.006000,-0.006000,1.762500,2.800125,2.312250,0.570562,105.296005,28.594208,39.000000,77.899994,76.662498,81.612503,
4f7db003,80668016,0,3,1,75,42978666,4,17849,1115,ef,0,1.443000,-0.006000,-0.006000,-0.006000,1.755000,2.800313,2.416500,0.575063,105.296005,28.595064,39.000000,77.787498,76.662498,81.612503,
4f7db003,80668016,0,3,1,75,42978666,4,17849,1115,ef,0,1.443000,-0.006000,-0.006000,-0.006000,1.755000,2.800313,2.416500,0.575063,105.296005,28.595064,39.000000,77.787498,76.662498,81.612503,
4f7db003,80677027,0,3,1,75,42978666,4,17850,1115,ef,0,1.248000,-0.006000,-0.006000,-0.006000,1.757812,2.803875,2.316000,0.573937,105.296005,28.595064,39.000000,77.787498,76.550003,81.612503,
4f7db003,8068300c,0,3,1,75,42978666,4,17851,1115,ef,0,1.455000,-0.006000,-0.006000,-0.006000,1.756500,2.802938,2.395125,0.574687,105.314003,28.595072,39.000000,77.787498,76.550003,81.724998,
4f7db003,8068300c,0,3,1,75,42978666,4,17851,1115,ef,0,1.455000,-0.006000,-0.006000,-0.006000,1.756500,2.802938,2.395125,0.574687,105.314003,28.595072,39.000000,77.787498,76.550003,81.724998,
4f7db003,8069302e,0,3,1,75,42974ccc,4,17852,1115,ef,0,1.275000,-0.006000,-0.006000,-0.006000,1.764562,2.803688,2.371875,0.571125,105.314003,28.593365,39.000000,77.787498,76.550003,81.724998,
4f7db003,8069302e,0,3,1,75,42974ccc,4,17852,1115,ef,0,1.275000,-0.006000,-0.006000,-0.006000,1.764562,2.803688,2.371875,0.571125,105.314003,28.593365,39.000000,77.787498,76.550003,81.724998,
4f7db003,8066700a,0,3,1,75,42974ccc,4,17853,1115,ef,0,1.407000,-0.006000,-0.006000,-0.006000,1.761375,2.799562,2.350125,0.571125,105.314003,28.595072,39.000000,77.787498,76.550003,81.724998,
4f7db003,8067802b,0,2,1,75,42974ccc,4,17854,1115,ef,0,1.368000,-0.006000,-0.006000,-0.006000,1.753500,2.799000,2.432625,0.573000,105.314003,28.593369,39.000000,77.787498,76.550003,81.724998,
4f7db003,8067802b,0,2,1,75,42974ccc,4,17854,1115,ef,0,1.368000,-0.006000,-0.006000,-0.006000,1.753500,2.799000,2.432625,0.573000,105.314003,28.593369,39.000000,77.787498,76.550003,81.724998,
4f7db003,8068300f,0,2,1,75,42974ccc,4,17855,1115,ef,0,1.380000,-0.006000,-0.006000,-0.006000,1.753312,2.798813,2.325938,0.573000,105.314003,28.592514,39.000000,77.787498,76.550003,81.612503,
4f7db003,8068300f,0,2,1,75,42974ccc,4,17855,1115,ef,0,1.380000,-0.006000,-0.006000,-0.006000,1.753312,2.798813,2.325938,0.573000,105.314003,28.592514,39.000000,77.787498,76.550003,81.612503,
4f7db003,80695027,0,2,1,75,42974ccc,4,17856,1115,ef,0,1.392000,-0.006000,-0.003000,-0.006000,1.763062,2.804438,2.426063,0.572438,105.332001,28.595934,39.000000,77.787498,76.550003,81.612503,
4f7db003,80666017,0,2,1,75,42974ccc,4,17857,1115,ef,0,1.314000,-0.006000,-0.006000,-0.006000,1.763250,2.802375,2.308687,0.570938,105.332001,28.593372,39.000000,77.675003,76.550003,81.612503,
4f7db003,80666017,0,2,1,75,42974ccc,4,17857,1115,ef,0,1.314000,-0.006000,-0.006000,-0.006000,1.763250,2.802375,2.308687,0.570938,105.332001,28.593372,39.000000,77.675003,76.550003,81.612503,
4f7db003,8067601d,0,2,1,75,42974ccc,4,17858,1115,ef,0,1.425000,-0.006000,-0.006000,-0.006000,1.761000,2.800125,2.421188,0.570562,105.314003,28.592514,39.000000,77.675003,76.550003,81.612503,
4f7db003,8067601d,0,2,1,75,42974ccc,4,17858,1115,ef,0,1.425000,-0.006000,-0.006000,-0.006000,1.761000,2.800125,2.421188,0.570562,105.314003,28.592514,39.000000,77.675003,76.550003,81.612503,
4f7db003,80689022,0,2,1,75,42974ccc,4,17859,1115,ef,0,1.257000,-0.006000,-0.006000,-0.006000,1.752187,2.798813,2.318438,0.573188,105.332001,28.594231,39.000000,77.675003,76.550003,81.612503,
4f7db003,80692013,0,2,1,75,42974ccc,4,17860,1115,ef,0,1.440000,-0.006000,-0.006000,-0.006000,1.755375,2.803313,2.398125,0.575437,105.349998,28.593382,39.000000,77.675003,76.550003,81.612503,
4f7db003,80692013,0,2,1,75,42974ccc,4,17860,1115,ef,0,1.440000,-0.006000,-0.006000,-0.006000,1.755375,2.803313,2.398125,0.575437,105.349998,28.593382,39.000000,77.675003,76.550003,81.612503,
4f7db003,8066802b,0,3,1,75,42974ccc,4,17861,1115,ef,0,1.236000,-0.006000,-0.006000,-0.006000,1.763625,2.804438,2.336437,0.572250,105.349998,28.593390,39.000000,77.675003,76.550003,81.612503,
4f7db003,8067700a,0,2,1,75,42974ccc,4,17862,1115,ef,0,1.452000,-0.006000,-0.003000,-0.006000,1.760625,2.799937,2.379563,0.571125,105.349998,28.591684,39.000000,77.675003,76.437500,81.612503,
4f7db003,8067700a,0,2,1,75,42974ccc,4,17862,1115,ef,0,1.452000,-0.006000,-0.003000,-0.006000,1.760625,2.799937,2.379563,0.571125,105.349998,28.591684,39.000000,77.675003,76.437500,81.612503,
4f7db003,8068402c,0,3,1,75,42974ccc,4,17863,1115,ef,0,1.344000,-0.006000,-0.006000,-0.006000,1.761375,2.801625,2.426063,0.570750,105.349998,28.592535,39.000000,77.675003,76.437500,81.500000,
4f7db003,8068402c,0,3,1,75,42974ccc,4,17863,1115,ef,0,1.344000,-0.006000,-0.006000,-0.006000,1.761375,2.801625,2.426063,0.570750,105.349998,28.592535,39.000000,77.675003,76.437500,81.500000,
4f7db003,8069500e,0,3,1,75,42974ccc,4,17864,1115,ef,0,1.392000,-0.006000,-0.006000,-0.006000,1.752375,2.799562,2.328187,0.574500,105.349998,28.591684,39.000000,77.675003,76.437500,81.500000,
4f7db003,8066b027,0,3,1,75,42974ccc,4,17865,1115,ef,0,1.395000,-0.006000,-0.006000,-0.006000,1.762688,2.804250,2.427750,0.570750,105.349998,28.592535,39.000000,77.675003,76.437500,81.500000,
4f7db003,8066b027,0,3,1,75,42974ccc,4,17865,1115,ef,0,1.395000,-0.006000,-0.006000,-0.006000,1.762688,2.804250,2.427750,0.570750,105.349998,28.592535,39.000000,77.675003,76.437500,81.500000,
4f7db003,80676018,0,2,1,75,42974ccc,4,17866,1115,ef,0,1.305000,-0.006000,-0.006000,-0.006000,1.761188,2.802000,2.308687,0.570562,105.367996,28.589987,39.000000,77.675003,76.437500,81.500000,
4f7db003,80676018,0,2,1,75,42974ccc,4,17866,1115,ef,0,1.305000,-0.006000,-0.006000,-0.006000,1.761188,2.802000,2.308687,0.570562,105.367996,28.589987,39.000000,77.675003,76.437500,81.500000,
4f7db003,8068a01b,0,2,1,75,42974ccc,4,17867,1115,ef,0,1.434000,-0.003000,-0.003000,-0.006000,1.751250,2.798250,2.419875,0.571875,105.367996,28.590839,39.000000,77.675003,76.437500,81.500000,
4f7db003,80694026,0,3,1,75,42974ccc,4,17868,1115,ef,0,1.242000,-0.006000,-0.006000,-0.006000,1.755750,2.803875,2.314500,0.573937,105.386002,28.593403,39.000000,77.675003,76.437500,81.500000,
4f7db003,80694026,0,3,1,75,42974ccc,4,17868,1115,ef,0,1.242000,-0.006000,-0.006000,-0.006000,1.755750,2.803875,2.314500,0.573937,105.386002,28.593403,39.000000,77.675003,76.437500,81.500000,
4f7db003,8066b00d,0,2,1,75,42974ccc,4,17869,1115,ef,0,1.449000,-0.006000,-0.006000,-0.006000,1.758937,2.799750,2.392875,0.570562,105.386002,28.592552,39.000000,77.675003,76.437500,81.500000,
4f7db003,8066b00d,0,2,1,75,42974ccc,4,17869,1115,ef,0,1.449000,-0.006000,-0.006000,-0.006000,1.758937,2.799750,2.392875,0.570562,105.386002,28.592552,39.000000,77.675003,76.437500,81.500000,
4f7db003,8067502c,0,2,1,75,42974ccc,4,17870,1115,ef,0,1.233000,-0.006000,-0.006000,-0.006000,1.757812,2.799187,2.338687,0.570938,105.386002,28.591703,39.000000,77.675003,76.437500,81.500000,
4f7db003,8068600b,0,3,1,75,42974ccc,4,17871,1115,ef,0,1.461000,-0.006000,-0.006000,-0.006000,1.753312,2.799187,2.386875,0.571875,105.386002,28.590845,39.000000,77.675003,76.437500,81.500000,
4f7db003,8068600b,0,3,1,75,42974ccc,4,17871,1115,ef,0,1.461000,-0.006000,-0.006000,-0.006000,1.753312,2.799187,2.386875,0.571875,105.386002,28.590845,39.000000,77.675003,76.437500,81.500000,
4f7db003,8069602e,0,3,1,75,42978666,4,17872,1115,ef,0,1.323000,-0.006000,-0.006000,-0.006000,1.757625,2.804438,2.416875,0.572250,105.403999,28.590000,39.000000,77.675003,76.437500,81.500000,
4f7db003,8069602e,0,3,1,75,42978666,4,17872,1115,ef,0,1.323000,-0.006000,-0.006000,-0.006000,1.757625,2.804438,2.416875,0.572250,105.403999,28.590000,39.000000,77.675003,76.437500,81.500000,
4f7db003,8066700c,0,3,1,75,42978666,4,17873,1115,ef,0,1.401000,-0.006000,-0.006000,-0.006000,1.760625,2.803313,2.332125,0.570938,105.386002,28.591698,39.000000,77.562500,76.437500,81.500000,
4f7db003,8067602a,0,3,1,75,42978666,4,17874,1115,ef,0,1.374000,-0.006000,-0.006000,-0.006000,1.759125,2.800688,2.432625,0.570000,105.403999,28.590000,39.000000,77.562500,76.437500,81.500000,
4f7db003,8067602a,0,3,1,75,42978666,4,17874,1115,ef,0,1.374000,-0.006000,-0.006000,-0.006000,1.759125,2.800688,2.432625,0.570000,105.403999,28.590000,39.000000,77.562500,76.437500,81.500000,
4f7db003,80685014,0,2,1,75,42978666,4,17875,1115,ef,0,1.347000,-0.006000,-0.006000,-0.006000,1.758750,2.801250,2.312625,0.571688,105.403999,28.590004,39.000000,77.562500,76.437500,81.500000,
4f7db003,80685014,0,2,1,75,42978666,4,17875,1115,ef,0,1.347000,-0.006000,-0.006000,-0.006000,1.758750,2.801250,2.312625,0.571688,105.403999,28.590004,39.000000,77.562500,76.437500,81.500000,
4f7db003,80694022,0,2,1,75,42978666,4,17876,1115,ef,0,1.413000,-0.006000,-0.006000,-0.006000,1.750313,2.799187,2.429250,0.575063,105.422005,28.589161,39.000000,77.562500,76.437500,81.500000,
4f7db003,8066601c,0,2,1,75,42978666,4,17877,1115,ef,0,1.281000,-0.006000,-0.006000,-0.006000,1.751438,2.800688,2.313563,0.575063,105.422005,28.591724,39.000000,77.449997,76.437500,81.500000,
4f7db003,8066601c,0,2,1,75,42978666,4,17877,1115,ef,0,1.281000,-0.006000,-0.006000,-0.006000,1.751438,2.800688,2.313563,0.575063,105.422005,28.591724,39.000000,77.449997,76.437500,81.500000,
4f7db003,80676017,0,3,1,75,42978666,4,17878,1115,ef,0,1.434000,-0.006000,-0.006000,-0.006000,1.752750,2.803500,2.409563,0.573937,105.422005,28.590866,39.000000,77.449997,76.437500,81.500000,
4f7db003,80676017,0,3,1,75,42978666,4,17878,1115,ef,0,1.434000,-0.006000,-0.006000,-0.006000,1.752750,2.803500,2.409563,0.573937,105.422005,28.590866,39.000000,77.449997,76.437500,81.500000,
4f7db003,80685027,0,2,1,75,42978666,4,17879,1115,ef,0,1.242000,-0.006000,-0.006000,-0.006000,1.752938,2.802750,2.319000,0.574125,105.422005,28.591717,39.000000,77.449997,76.437500,81.500000,
4f7db003,8069400d,0,3,1,75,42978666,4,17880,1115,ef,0,1.464000,-0.006000,-0.006000,-0.006000,1.758937,2.802375,2.389313,0.570375,105.422005,28.588306,39.000000,77.449997,76.437500,81.500000,
4f7db003,8069400d,0,3,1,75,42978666,4,17880,1115,ef,0,1.464000,-0.006000,-0.006000,-0.006000,1.758937,2.802375,2.389313,0.570375,105.422005,28.588306,39.000000,77.449997,76.437500,81.500000,
4f7db003,8066702d,0,3,1,75,42978666,4,17881,1115,ef,0,1.245000,-0.006000,-0.003000,-0.006000,1.753500,2.799187,2.355562,0.570938,105.422005,28.590012,39.000000,77.449997,76.437500,81.500000,
4f7db003,8066702d,0,3,1,75,42978666,4,17881,1115,ef,0,1.245000,-0.006000,-0.003000,-0.006000,1.753500,2.799187,2.355562,0.570938,105.422005,28.590012,39.000000,77.449997,76.437500,81.500000,
4f7db003,80676009,0,3,1,75,42978666,4,17882,1115,ef,0,1.446000,-0.006000,-0.006000,-0.006000,1.748813,2.797312,2.374125,0.572625,105.439995,28.590874,39.000000,77.449997,76.324997,81.500000,
4f7db003,8068502d,0,3,1,75,42978666,4,17883,1115,ef,0,1.344000,-0.006000,-0.006000,-0.006000,1.748625,2.798250,2.433187,0.573937,105.458000,28.589178,39.000000,77.449997,76.324997,81.612503,
4f7db003,8068502d,0,3,1,75,42978666,4,17883,1115,ef,0,1.344000,-0.006000,-0.006000,-0.006000,1.748625,2.798250,2.433187,0.573937,105.458000,28.589178,39.000000,77.449997,76.324997,81.612503,
4f7db003,8069500e,0,2,1,75,4297c000,4,17884,1115,ef,0,1.374000,-0.006000,-0.006000,-0.006000,1.755375,2.803313,2.314687,0.573375,105.439995,28.590027,39.000000,77.449997,76.324997,81.612503,
4f7db003,8069500e,0,2,1,75,4297c000,4,17884,1115,ef,0,1.374000,-0.006000,-0.006000,-0.006000,1.755375,2.803313,2.314687,0.573375,105.439995,28.590027,39.000000,77.449997,76.324997,81.612503,
4f7db003,80672027,0,2,1,75,4297c000,4,17885,1115,ef,0,1.392000,-0.006000,-0.003000,-0.006000,1.750500,2.800688,2.426625,0.574687,105.458000,28.590033,39.000000,77.449997,76.324997,81.612503,
4f7db003,80676019,0,2,1,75,4297c000,4,17886,1115,ef,0,1.284000,-0.006000,-0.009000,-0.006000,1.752938,2.803125,2.307750,0.574125,105.458000,28.590033,39.000000,77.449997,76.437500,81.612503,
4f7db003,80676019,0,2,1,75,4297c000,4,17886,1115,ef,0,1.284000,-0.006000,-0.009000,-0.006000,1.752938,2.803125,2.307750,0.574125,105.458000,28.590033,39.000000,77.449997,76.437500,81.612503,
4f7db003,8068501a,0,3,1,75,4297c000,4,17887,1115,ef,0,1.413000,-0.006000,-0.009000,-0.006000,1.753125,2.804250,2.411813,0.574313,105.475998,28.590042,39.000000,77.449997,76.437500,81.724998,
4f7db003,8068501a,0,3,1,75,4297c000,4,17887,1115,ef,0,1.413000,-0.006000,-0.009000,-0.006000,1.753125,2.804250,2.411813,0.574313,105.475998,28.590042,39.000000,77.449997,76.437500,81.724998,
4f7db003,80694026,0,2,1,75,4297c000,4,17888,1115,ef,0,1.254000,-0.006000,-0.006000,-0.006000,1.757063,2.797688,2.320875,0.570562,105.475998,28.589188,39.000000,77.449997,76.437500,81.724998,
4f7db003,8066600c,0,2,1,75,4297c000,4,17889,1115,ef,0,1.449000,-0.006000,-0.006000,-0.006000,1.754063,2.798625,2.397000,0.570750,105.458000,28.590891,39.000000,77.562500,76.437500,81.724998,
4f7db003,8066600c,0,2,1,75,4297c000,4,17889,1115,ef,0,1.449000,-0.006000,-0.006000,-0.006000,1.754063,2.798625,2.397000,0.570750,105.458000,28.590891,39.000000,77.562500,76.437500,81.724998,
4f7db003,8067602d,0,2,1,75,4297c000,4,17890,1115,ef,0,1.245000,-0.006000,-0.006000,-0.006000,1.749000,2.798063,2.358938,0.572062,105.475998,28.590895,39.000000,77.562500,76.437500,81.724998,
4f7db003,8067602d,0,2,1,75,4297c000,4,17890,1115,ef,0,1.245000,-0.006000,-0.006000,-0.006000,1.749000,2.798063,2.358938,0.572062,105.475998,28.590895,39.000000,77.562500,76.437500,81.724998,
4f7db003,8068e00a,0,2,1,75,4297c000,4,17891,1115,ef,0,1.458000,-0.006000,-0.006000,-0.006000,1.758000,2.803500,2.374875,0.571312,105.475998,28.587481,39.000000,77.562500,76.437500,81.724998,
4f7db003,8069902e,0,2,1,75,4297c000,4,17892,1115,ef,0,1.308000,-0.006000,-0.006000,-0.006000,1.747687,2.798438,2.402062,0.573750,105.475998,28.588341,39.000000,77.562500,76.437500,81.724998,
4f7db003,8069902e,0,2,1,75,4297c000,4,17892,1115,ef,0,1.308000,-0.006000,-0.006000,-0.006000,1.747687,2.798438,2.402062,0.573750,105.475998,28.588341,39.000000,77.562500,76.437500,81.724998,
4f7db003,8066500b,0,3,1,75,4297c000,4,17893,1115,ef,0,1.392000,-0.006000,-0.006000,-0.006000,1.748813,2.800500,2.325938,0.574687,105.475998,28.589193,39.000000,77.675003,76.437500,81.724998,
4f7db003,8066500b,0,3,1,75,4297c000,4,17893,1115,ef,0,1.392000,-0.006000,-0.006000,-0.006000,1.748813,2.800500,2.325938,0.574687,105.475998,28.589193,39.000000,77.675003,76.437500,81.724998,
4f7db003,80675029,0,3,1,75,4297c000,4,17894,1115,ef,0,1.377000,-0.006000,-0.006000,-0.006000,1.749000,2.801250,2.428500,0.573937,105.494003,28.588346,39.000000,77.675003,76.437500,81.724998,
4f7db003,80685016,0,3,1,75,4297c000,4,17895,1115,ef,0,1.323000,-0.006000,-0.006000,-0.006000,1.748813,2.801438,2.315063,0.574687,105.475998,28.590900,39.000000,77.675003,76.437500,81.837494,
4f7db003,80685016,0,3,1,75,4297c000,4,17895,1115,ef,0,1.323000,-0.006000,-0.006000,-0.006000,1.748813,2.801438,2.315063,0.574687,105.475998,28.590900,39.000000,77.675003,76.437500,81.837494,
4f7db003,80699020,0,2,1,75,4297c000,4,17896,1115,ef,0,1.404000,-0.006000,-0.006000,-0.006000,1.751812,2.797875,2.423250,0.571312,105.494003,28.590057,39.000000,77.675003,76.437500,81.837494,
4f7db003,80699020,0,2,1,75,4297c000,4,17896,1115,ef,0,1.404000,-0.006000,-0.006000,-0.006000,1.751812,2.797875,2.423250,0.571312,105.494003,28.590057,39.000000,77.675003,76.437500,81.837494,
4f7db003,8066f01f,0,2,1,75,4297c000,4,17897,1115,ef,0,1.263000,-0.006000,-0.006000,-0.006000,1.757250,2.804250,2.304563,0.571875,105.512001,28.590063,39.000000,77.675003,76.437500,81.837494,
4f7db003,80676012,0,3,1,75,4297c000,4,17898,1115,ef,0,1.449000,-0.006000,-0.003000,-0.006000,1.755937,2.802187,2.400938,0.571125,105.494003,28.589205,39.000000,77.675003,76.324997,81.837494,
4f7db003,80676012,0,3,1,75,4297c000,4,17898,1115,ef,0,1.449000,-0.006000,-0.003000,-0.006000,1.755937,2.802187,2.400938,0.571125,105.494003,28.589205,39.000000,77.675003,76.324997,81.837494,
4f7db003,8068602b,0,2,1,75,4297c000,4,17899,1115,ef,0,1.248000,-0.006000,-0.006000,-0.006000,1.755000,2.799562,2.346375,0.570562,105.512001,28.590063,39.000000,77.675003,76.324997,81.837494,
4f7db003,8068602b,0,2,1,75,4297c000,4,17899,1115,ef,0,1.248000,-0.006000,-0.006000,-0.006000,1.755000,2.799562,2.346375,0.570562,105.512001,28.590063,39.000000,77.675003,76.324997,81.837494,
4f7db003,806ab00b,0,2,1,75,4297c000,4,17900,1115,ef,0,1.443000,-0.006000,-0.003000,-0.006000,1.754063,2.803500,2.363063,0.573375,105.512001,28.590063,39.000000,77.675003,76.324997,81.837494,
4f7db003,8066602c,0,3,1,75,4297c000,4,17901,1115,ef,0,1.329000,-0.006000,-0.006000,-0.006000,1.756125,2.803875,2.414250,0.570562,105.512001,28.588362,39.000000,77.675003,76.324997,81.837494,
4f7db003,8066602c,0,3,1,75,4297c000,4,17901,1115,ef,0,1.329000,-0.006000,-0.006000,-0.006000,1.756125,2.803875,2.414250,0.570562,105.512001,28.588362,39.000000,77.675003,76.324997,81.837494,
4f7db003,8067600d,0,3,1,75,4297c000,4,17902,1115,ef,0,1.398000,-0.006000,-0.006000,-0.006000,1.755188,2.802187,2.326875,0.569250,105.529999,28.588367,39.000000,77.675003,76.437500,81.837494,
4f7db003,8067600d,0,3,1,75,4297c000,4,17902,1115,ef,0,1.398000,-0.006000,-0.006000,-0.006000,1.755188,2.802187,2.326875,0.569250,105.529999,28.588367,39.000000,77.675003,76.437500,81.837494,
4f7db003,80685029,0,3,1,75,4297c000,4,17903,1115,ef,0,1.377000,-0.006000,-0.006000,-0.006000,1.754812,2.801625,2.429438,0.570750,105.529999,28.587513,39.000000,77.675003,76.437500,82.062500,
4f7db003,80693014,0,3,1,75,4297c000,4,17904,1115,ef,0,1.326000,-0.006000,-0.006000,-0.006000,1.747500,2.799937,2.311687,0.569438,105.529999,28.588367,39.000000,77.675003,76.437500,82.062500,
4f7db003,80693014,0,3,1,75,4297c000,4,17904,1115,ef,0,1.326000,-0.006000,-0.006000,-0.006000,1.747500,2.799937,2.311687,0.569438,105.529999,28.588367,39.000000,77.675003,76.437500,82.062500,
4f7db003,80667021,0,2,1,75,4297c000,4,17905,1115,ef,0,1.407000,-0.006000,-0.006000,-0.006000,1.745625,2.798438,2.425313,0.572812,105.529999,28.588371,39.000000,77.449997,76.437500,82.062500,
4f7db003,80667021,0,2,1,75,4297c000,4,17905,1115,ef,0,1.407000,-0.006000,-0.006000,-0.006000,1.745625,2.798438,2.425313,0.572812,105.529999,28.588371,39.000000,77.449997,76.437500,82.062500,
4f7db003,8067601d,0,2,1,75,4297c000,4,17906,1115,ef,0,1.272000,-0.006000,-0.006000,-0.006000,1.747313,2.801625,2.308125,0.574500,105.529999,28.588371,39.000000,77.449997,76.437500,82.062500,
4f7db003,80685018,0,2,1,75,4297c000,4,17907,1115,ef,0,1.419000,-0.006000,-0.006000,-0.006000,1.746938,2.801063,2.412000,0.574500,105.547997,28.589230,39.000000,77.449997,76.437500,81.949997,
4f7db003,80685018,0,2,1,75,4297c000,4,17907,1115,ef,0,1.419000,-0.006000,-0.006000,-0.006000,1.746938,2.801063,2.412000,0.574500,105.547997,28.589230,39.000000,77.449997,76.437500,81.949997,
4f7db003,80692026,0,3,1,75,4297c000,4,17908,1115,ef,0,1.233000,-0.006000,-0.006000,-0.006000,1.753875,2.804250,2.318625,0.573188,105.547997,28.588375,39.000000,77.449997,76.437500,81.949997,
4f7db003,80692026,0,3,1,75,4297c000,4,17908,1115,ef,0,1.233000,-0.006000,-0.006000,-0.006000,1.753875,2.804250,2.318625,0.573188,105.547997,28.588375,39.000000,77.449997,76.437500,81.949997,
4f7db003,8066700e,0,3,1,75,4297c000,4,17909,1115,ef,0,1.455000,-0.006000,-0.006000,-0.006000,1.754250,2.801625,2.393063,0.570375,105.547997,28.588381,39.000000,77.562500,76.437500,81.949997,
4f7db003,8067602c,0,3,1,75,4297c000,4,17910,1115,ef,0,1.251000,-0.006000,-0.006000,-0.006000,1.752000,2.800500,2.348438,0.571125,105.547997,28.589230,39.000000,77.562500,76.437500,81.949997,
4f7db003,8067602c,0,3,1,75,4297c000,4,17910,1115,ef,0,1.251000,-0.006000,-0.006000,-0.006000,1.752000,2.800500,2.348438,0.571125,105.547997,28.589230,39.000000,77.562500,76.437500,81.949997,
4f7db003,8068700a,0,2,1,75,4297c000,4,17911,1115,ef,0,1.455000,-0.006000,-0.006000,-0.006000,1.749375,2.797688,2.375437,0.571500,105.565994,28.585829,39.000000,77.562500,76.437500,81.949997,
4f7db003,8068700a,0,2,1,75,4297c000,4,17911,1115,ef,0,1.455000,-0.006000,-0.006000,-0.006000,1.749375,2.797688,2.375437,0.571500,105.565994,28.585829,39.000000,77.562500,76.437500,81.949997,
4f7db003,8069602d,0,3,1,75,4297f99a,4,17912,1115,ef,0,1.332000,-0.006000,-0.006000,-0.006000,1.746750,2.800875,2.421188,0.575250,105.584000,28.588396,39.000000,77.562500,76.437500,81.949997,
4f7db003,8066600d,0,3,1,75,4297f99a,4,17913,1115,ef,0,1.365000,-0.006000,-0.006000,-0.006000,1.752938,2.802000,2.310375,0.573000,105.584000,28.586685,39.000000,77.562500,76.437500,81.949997,
4f7db003,8066600d,0,3,1,75,4297f99a,4,17913,1115,ef,0,1.365000,-0.006000,-0.006000,-0.006000,1.752938,2.802000,2.310375,0.573000,105.584000,28.586685,39.000000,77.562500,76.437500,81.949997,
4f7db003,80676027,0,2,1,75,4297f99a,4,17914,1115,ef,0,1.392000,-0.006000,-0.006000,-0.006000,1.754063,2.802562,2.422688,0.571312,105.584000,28.586691,39.000000,77.562500,76.437500,81.949997,
4f7db003,80676027,0,2,1,75,4297f99a,4,17914,1115,ef,0,1.392000,-0.006000,-0.006000,-0.006000,1.754063,2.802562,2.422688,0.571312,105.584000,28.586691,39.000000,77.562500,76.437500,81.949997,
4f7db003,8068501a,0,2,1,75,4297f99a,4,17915,1115,ef,0,1.293000,-0.006000,-0.006000,-0.006000,1.754063,2.803313,2.306625,0.571500,105.602005,28.588402,39.000000,77.562500,76.437500,81.837494,
4f7db003,8069301a,0,2,1,75,4297f99a,4,17916,1115,ef,0,1.413000,-0.006000,-0.006000,-0.006000,1.750125,2.798438,2.414438,0.569438,105.602005,28.586697,39.000000,77.562500,76.437500,81.837494,
4f7db003,8069301a,0,2,1,75,4297f99a,4,17916,1115,ef,0,1.413000,-0.006000,-0.006000,-0.006000,1.750125,2.798438,2.414438,0.569438,105.602005,28.586697,39.000000,77.562500,76.437500,81.837494,
4f7db003,80668024,0,3,1,75,4297f99a,4,17917,1115,ef,0,1.248000,-0.006000,-0.006000,-0.006000,1.742063,2.798438,2.314125,0.573188,105.602005,28.588406,39.000000,77.675003,76.437500,81.837494,
4f7db003,80668024,0,3,1,75,4297f99a,4,17917,1115,ef,0,1.248000,-0.006000,-0.006000,-0.006000,1.742063,2.798438,2.314125,0.573188,105.602005,28.588406,39.000000,77.675003,76.437500,81.837494,
4f7db003,8067800d,0,3,1,75,4297f99a,4,17918,1115,ef,0,1.440000,-0.006000,-0.006000,-0.006000,1.746188,2.799562,2.394187,0.574313,105.620003,28.588413,39.000000,77.675003,76.550003,81.837494,
4f7db003,80688024,0,3,1,75,4297f99a,4,17919,1115,ef,0,-0.006000,-0.006000,-0.006000,-0.006000,1.753125,2.803500,1.678875,0.572625,105.620003,28.587559,39.000000,77.675003,76.550003,81.724998,
4f7db003,80688024,0,3,1,75,4297f99a,4,17919,1115,ef,0,-0.006000,-0.006000,-0.006000,-0.006000,1.753125,2.803500,1.678875,0.572625,105.620003,28.587559,39.000000,77.675003,76.550003,81.724998,
4f7db003,688024,0,3,1,76,42983333,4,17920,1115,ef,0,-0.006000,-0.006000,-0.006000,-0.006000,1.749750,2.798438,0.847125,0.570938,105.602005,28.584993,39.000000,77.675003,76.550003,81.724998,
4f7db003,688024,0,3,1,76,42983333,4,17920,1115,ef,0,-0.006000,-0.006000,-0.006000,-0.006000,1.749750,2.798438,0.847125,0.570938,105.602005,28.584993,39.000000,77.675003,76.550003,81.724998,
4f7db003,688024,0,3,1,76,42983333,4,17921,1115,ef,0,-0.006000,-0.006000,-0.006000,-0.006000,1.745062,2.797688,0.767062,0.571688,105.638000,28.585011,39.000000,77.787498,76.550003,81.724998,
4f7db003,688024,0,2,1,76,42983333,4,17922,1115,ef,0,0.000000,-0.006000,-0.006000,-0.006000,1.741688,2.798250,0.766500,0.573000,105.638000,28.584164,39.000000,77.787498,76.550003,81.724998,
4f7db003,688024,0,2,1,76,42983333,4,17922,1115,ef,0,0.000000,-0.006000,-0.006000,-0.006000,1.741688,2.798250,0.766500,0.573000,105.638000,28.584164,39.000000,77.787498,76.550003,81.724998,
4f7db003,688024,0,2,1,76,42983333,4,17923,1115,ef,0,-0.006000,-0.006000,-0.003000,-0.006000,1.741875,2.797875,0.557437,0.574875,105.638000,28.585869,39.000000,77.787498,76.550003,81.837494,
4f7db003,688024,0,2,1,76,42983333,4,17923,1115,ef,0,-0.006000,-0.006000,-0.003000,-0.006000,1.741875,2.797875,0.557437,0.574875,105.638000,28.585869,39.000000,77.787498,76.550003,81.837494,
4f7db003,688024,0,2,1,76,42983333,4,17924,1115,ef,0,0.000000,-0.006000,-0.006000,-0.006000,1.746375,2.802938,0.605250,0.574500,105.638000,28.585014,39.000000,77.787498,76.550003,81.837494,
4f7db003,688024,0,3,1,76,42983333,4,17925,1115,ef,0,-0.006000,-0.006000,-0.006000,-0.006000,1.746938,2.804250,0.598875,0.574875,105.655991,28.585020,39.000000,78.012497,76.550003,81.837494,
4f7db003,688024,0,3,1,76,42983333,4,17925,1115,ef,0,-0.006000,-0.006000,-0.006000,-0.006000,1.746938,2.804250,0.598875,0.574875,105.655991,28.585020,39.000000,78.012497,76.550003,81.837494,
4f7db003,688024,0,3,1,76,42983333,4,17926,1115,ef,0,0.000000,-0.006000,-0.003000,-0.006000,1.754063,2.804812,0.577875,0.573000,105.638000,28.584164,39.000000,78.012497,76.550003,81.837494,
4f7db003,688024,0,3,1,76,42983333,4,17926,1115,ef,0,0.000000,-0.006000,-0.003000,-0.006000,1.754063,2.804812,0.577875,0.573000,105.638000,28.584164,39.000000,78.012497,76.550003,81.837494,
4f7db003,688024,0,3,1,76,42983333,4,17927,1115,ef,0,-0.006000,-0.006000,-0.006000,-0.006000,1.754438,2.804438,0.584250,0.572438,105.655991,28.584167,39.000000,78.012497,76.550003,81.837494,
4f7db003,688024,0,3,1,76,42983333,4,17928,1115,ef,0,0.000000,-0.006000,-0.006000,-0.006000,1.750687,2.798063,0.594750,0.570188,105.655991,28.583319,39.000000,78.012497,76.550003,81.837494,
4f7db003,688024,0,3,1,76,42983333,4,17928,1115,ef,0,0.000000,-0.006000,-0.006000,-0.006000,1.750687,2.798063,0.594750,0.570188,105.655991,28.583319,39.000000,78.012497,76.550003,81.837494,
4f7db003,688024,0,2,1,76,42983333,4,17929,1115,ef,0,-0.006000,-0.006000,-0.006000,-0.006000,1.741688,2.796937,0.588188,0.572250,105.655991,28.584173,39.000000,77.899994,76.550003,81.837494,
4f7db003,688024,0,2,1,76,42983333,4,17929,1115,ef,0,-0.006000,-0.006000,-0.006000,-0.006000,1.741688,2.796937,0.588188,0.572250,105.655991,28.584173,39.000000,77.899994,76.550003,81.837494,
4f7db003,688024,0,3,1,76,42983333,4,17930,1115,ef,0,-0.006000,-0.006000,-0.006000,-0.006000,1.753875,2.802750,0.592687,0.570562,105.673996,28.583324,39.000000,77.899994,76.550003,81.837494,
4f7db003,688024,0,3,1,76,42983333,4,17931,1115,ef,0,-0.009000,-0.006000,-0.003000,-0.006000,1.751812,2.798438,0.587812,0.570000,105.673996,28.582474,39.000000,77.899994,76.550003,81.837494,
